﻿{
	"identification": "net.maxon.fileid.descriptiondefinition",
	"content": {
		"_descriptions": [
			"net.maxon.description.templates",
			{
				"referenceClassType": "net.maxon.class.datadescriptiondefinition",
				"_info": {
					"referenceDataType": "net.maxon.interface.datadictionary-C",
					"_impl": {
						"_mode": 1,
						"_keyType": "net.maxon.datatype.internedid",
						"_fastData": [
							"net.maxon.description.data.info.classification",
							{
								"dataType": "net.maxon.datatype.id",
								"content": "template"
							}
						]
					}
				},
				"_description": [
					{
						"referenceDataType": "net.maxon.interface.datadictionary-C",
						"_impl": {
							"_mode": 1,
							"_keyType": "net.maxon.datatype.internedid",
							"_fastData": [
								"net.maxon.description.base.command",
								{
									"dataType": "net.maxon.datatype.id",
									"content": "attribute"
								},
								"net.maxon.description.base.identifier",
								{
									"dataType": "net.maxon.datatype.internedid",
									"content": "net.maxon.description.template.bool"
								},
								"net.maxon.description.data.base.datatype",
								{
									"dataType": "net.maxon.datatype.id",
									"content": "bool"
								}
							]
						}
					},
					{
						"referenceDataType": "net.maxon.interface.datadictionary-C",
						"_impl": {
							"_mode": 1,
							"_keyType": "net.maxon.datatype.internedid",
							"_fastData": [
								"net.maxon.description.base.command",
								{
									"dataType": "net.maxon.datatype.id",
									"content": "attribute"
								},
								"net.maxon.description.base.identifier",
								{
									"dataType": "net.maxon.datatype.internedid",
									"content": "net.maxon.description.template.color.rgb"
								},
								"net.maxon.description.data.base.datatype",
								{
									"dataType": "net.maxon.datatype.id",
									"content": "net.maxon.parametrictype.col<3,float>"
								}
							]
						}
					},
					{
						"referenceDataType": "net.maxon.interface.datadictionary-C",
						"_impl": {
							"_mode": 1,
							"_keyType": "net.maxon.datatype.internedid",
							"_fastData": [
								"net.maxon.description.base.command",
								{
									"dataType": "net.maxon.datatype.id",
									"content": "attribute"
								},
								"net.maxon.description.base.identifier",
								{
									"dataType": "net.maxon.datatype.internedid",
									"content": "net.maxon.description.template.color.rgba"
								},
								"net.maxon.description.data.base.datatype",
								{
									"dataType": "net.maxon.datatype.id",
									"content": "net.maxon.parametrictype.col<4,float>"
								}
							]
						}
					},
					{
						"referenceDataType": "net.maxon.interface.datadictionary-C",
						"_impl": {
							"_mode": 1,
							"_keyType": "net.maxon.datatype.internedid",
							"_fastData": [
								"net.maxon.description.base.command",
								{
									"dataType": "net.maxon.datatype.id",
									"content": "attribute"
								},
								"net.maxon.description.base.identifier",
								{
									"dataType": "net.maxon.datatype.internedid",
									"content": "net.maxon.description.template.float.editfield"
								},
								"net.maxon.description.data.base.datatype",
								{
									"dataType": "net.maxon.datatype.id",
									"content": "float"
								}
							]
						}
					},
					{
						"referenceDataType": "net.maxon.interface.datadictionary-C",
						"_impl": {
							"_mode": 1,
							"_keyType": "net.maxon.datatype.internedid",
							"_fastData": [
								"net.maxon.description.base.command",
								{
									"dataType": "net.maxon.datatype.id",
									"content": "attribute"
								},
								"net.maxon.description.base.identifier",
								{
									"dataType": "net.maxon.datatype.internedid",
									"content": "net.maxon.description.template.float.editfieldwithslider"
								},
								"net.maxon.description.data.base.datatype",
								{
									"dataType": "net.maxon.datatype.id",
									"content": "float"
								}
							]
						}
					},
					{
						"referenceDataType": "net.maxon.interface.datadictionary-C",
						"_impl": {
							"_mode": 1,
							"_keyType": "net.maxon.datatype.internedid",
							"_fastData": [
								"net.maxon.description.base.command",
								{
									"dataType": "net.maxon.datatype.id",
									"content": "attribute"
								},
								"net.maxon.description.base.identifier",
								{
									"dataType": "net.maxon.datatype.internedid",
									"content": "net.maxon.description.template.id.enum"
								},
								"net.maxon.description.data.base.datatype",
								{
									"dataType": "net.maxon.datatype.id",
									"content": "net.maxon.datatype.id"
								},
								"net.maxon.description.data.base.enum",
								{
									"dataType": "(net.maxon.datatype.id,net.maxon.datatype.data)",
									"isArray": true,
									"content": [
										{
											"_0": "enter_enums_here",
											"_1": {
												"dataType": "net.maxon.datatype.id",
												"content": "enter_enums_here"
											}
										}
									]
								}
							]
						}
					},
					{
						"referenceDataType": "net.maxon.interface.datadictionary-C",
						"_impl": {
							"_mode": 1,
							"_keyType": "net.maxon.datatype.internedid",
							"_fastData": [
								"net.maxon.description.base.command",
								{
									"dataType": "net.maxon.datatype.id",
									"content": "attribute"
								},
								"net.maxon.description.base.identifier",
								{
									"dataType": "net.maxon.datatype.internedid",
									"content": "net.maxon.description.templates.yZWYGU_oD53n9qd8XomMS2"
								},
								"net.maxon.description.data.base.datatype",
								{
									"dataType": "net.maxon.datatype.id",
									"content": "int"
								},
								"net.maxon.description.data.base.enum",
								{
									"dataType": "(net.maxon.datatype.id,net.maxon.datatype.data)",
									"isArray": true,
									"content": [
										{
											"_0": "enum0",
											"_1": {
												"dataType": "int64",
												"content": 0
											}
										},
										{
											"_0": "enum1",
											"_1": {
												"dataType": "int64",
												"content": 1
											}
										}
									]
								}
							]
						}
					},
					{
						"referenceDataType": "net.maxon.interface.datadictionary-C",
						"_impl": {
							"_mode": 1,
							"_keyType": "net.maxon.datatype.internedid",
							"_fastData": [
								"net.maxon.description.base.command",
								{
									"dataType": "net.maxon.datatype.id",
									"content": "attribute"
								},
								"net.maxon.description.base.identifier",
								{
									"dataType": "net.maxon.datatype.internedid",
									"content": "net.maxon.description.template.string.editfield"
								},
								"net.maxon.description.data.base.datatype",
								{
									"dataType": "net.maxon.datatype.id",
									"content": "net.maxon.interface.string-C"
								}
							]
						}
					},
					{
						"referenceDataType": "net.maxon.interface.datadictionary-C",
						"_impl": {
							"_mode": 1,
							"_keyType": "net.maxon.datatype.internedid",
							"_fastData": [
								"net.maxon.description.base.command",
								{
									"dataType": "net.maxon.datatype.id",
									"content": "attribute"
								},
								"net.maxon.description.base.identifier",
								{
									"dataType": "net.maxon.datatype.internedid",
									"content": "url"
								},
								"net.maxon.description.data.base.classification",
								{
									"dataType": "net.maxon.datatype.id",
									"content": "none"
								},
								"net.maxon.description.data.base.datatype",
								{
									"dataType": "net.maxon.datatype.id",
									"content": "net.maxon.interface.url-C"
								}
							]
						}
					},
					{
						"referenceDataType": "net.maxon.interface.datadictionary-C",
						"_impl": {
							"_mode": 1,
							"_keyType": "net.maxon.datatype.internedid",
							"_fastData": [
								"net.maxon.description.base.command",
								{
									"dataType": "net.maxon.datatype.id",
									"content": "attribute"
								},
								"net.maxon.description.base.identifier",
								{
									"dataType": "net.maxon.datatype.internedid",
									"content": "net.maxon.description.templates.vector2.editfield"
								},
								"net.maxon.description.data.base.datatype",
								{
									"dataType": "net.maxon.datatype.id",
									"content": "net.maxon.parametrictype.vec<2,float>"
								}
							]
						}
					},
					{
						"referenceDataType": "net.maxon.interface.datadictionary-C",
						"_impl": {
							"_mode": 1,
							"_keyType": "net.maxon.datatype.internedid",
							"_fastData": [
								"net.maxon.description.base.command",
								{
									"dataType": "net.maxon.datatype.id",
									"content": "attribute"
								},
								"net.maxon.description.base.identifier",
								{
									"dataType": "net.maxon.datatype.internedid",
									"content": "net.maxon.description.templates.vector3.editfield"
								},
								"net.maxon.description.data.base.datatype",
								{
									"dataType": "net.maxon.datatype.id",
									"content": "net.maxon.parametrictype.vec<3,float>"
								}
							]
						}
					},
					{
						"referenceDataType": "net.maxon.interface.datadictionary-C",
						"_impl": {
							"_mode": 2,
							"_data": [
								{
									"dataType": "net.maxon.datatype.id",
									"content": "net.maxon.description.data.base.unit"
								},
								{
									"dataType": "net.maxon.datatype.id",
									"content": ""
								},
								{
									"dataType": "net.maxon.datatype.internedid",
									"content": "net.maxon.description.base.command"
								},
								{
									"dataType": "net.maxon.datatype.id",
									"content": "attribute"
								},
								{
									"dataType": "net.maxon.datatype.internedid",
									"content": "net.maxon.description.base.identifier"
								},
								{
									"dataType": "net.maxon.datatype.internedid",
									"content": "net.maxon.description.templates.gradient"
								},
								{
									"dataType": "net.maxon.datatype.internedid",
									"content": "net.maxon.description.data.base.classification"
								},
								{
									"dataType": "net.maxon.datatype.id",
									"content": "input"
								},
								{
									"dataType": "net.maxon.datatype.internedid",
									"content": "net.maxon.description.data.base.datatype"
								},
								{
									"dataType": "net.maxon.datatype.id",
									"content": "net.maxon.render.portbundle.gradient"
								},
								{
									"dataType": "net.maxon.datatype.internedid",
									"content": "net.maxon.description.data.base.generateignoreheader"
								},
								{
									"dataType": "bool",
									"content": false
								},
								{
									"dataType": "net.maxon.datatype.internedid",
									"content": "net.maxon.description.data.base.isvariadic"
								},
								{
									"dataType": "bool",
									"content": true
								},
								{
									"dataType": "net.maxon.datatype.internedid",
									"content": "net.maxon.description.data.base.variadiccommands"
								},
								{
									"dataType": "net.maxon.datatype.id",
									"isArray": true,
									"content": [
										"addneedle"
									]
								}
							]
						}
					},
					{
						"referenceDataType": "net.maxon.interface.datadictionary-C",
						"_impl": {
							"_mode": 1,
							"_keyType": "net.maxon.datatype.internedid",
							"_fastData": [
								"net.maxon.description.base.command",
								{
									"dataType": "net.maxon.datatype.id",
									"content": "attribute"
								},
								"net.maxon.description.base.identifier",
								{
									"dataType": "net.maxon.datatype.internedid",
									"content": "net.maxon.description.templates.xZw88eBgKVupCZz4wJ$082"
								},
								"net.maxon.description.data.base.datatype",
								{
									"dataType": "net.maxon.datatype.id",
									"content": "net.maxon.interface.string-C"
								},
								"net.maxon.node.attribute.materialeditorshowonleftside",
								{
									"dataType": "bool",
									"content": true
								}
							]
						}
					}
				]
			}
		],
		"_guiDescriptions": [
			"net.maxon.description.templates",
			{
				"referenceClassType": "net.maxon.class.datadescriptiondefinition",
				"_info": {
					"referenceDataType": "net.maxon.interface.datadictionary-C",
					"_impl": {
						"_mode": 1,
						"_keyType": "net.maxon.datatype.internedid",
						"_fastData": []
					}
				},
				"_description": [
					{
						"referenceDataType": "net.maxon.interface.datadictionary-C",
						"_impl": {
							"_mode": 1,
							"_keyType": "net.maxon.datatype.internedid",
							"_fastData": [
								"net.maxon.description.base.command",
								{
									"dataType": "net.maxon.datatype.id",
									"content": "group"
								},
								"net.maxon.description.base.identifier",
								{
									"dataType": "net.maxon.datatype.internedid",
									"content": "net.maxon.description.template.group"
								}
							]
						}
					},
					{
						"referenceDataType": "net.maxon.interface.datadictionary-C",
						"_impl": {
							"_mode": 1,
							"_keyType": "net.maxon.datatype.internedid",
							"_fastData": [
								"net.maxon.description.base.command",
								{
									"dataType": "net.maxon.datatype.id",
									"content": "attribute"
								},
								"net.maxon.description.base.identifier",
								{
									"dataType": "net.maxon.datatype.internedid",
									"content": "net.maxon.description.template.bool"
								},
								"net.maxon.description.ui.base.guitypeid",
								{
									"dataType": "net.maxon.datatype.id",
									"content": "net.maxon.ui.bool"
								}
							]
						}
					},
					{
						"referenceDataType": "net.maxon.interface.datadictionary-C",
						"_impl": {
							"_mode": 1,
							"_keyType": "net.maxon.datatype.internedid",
							"_fastData": [
								"net.maxon.description.base.command",
								{
									"dataType": "net.maxon.datatype.id",
									"content": "attribute"
								},
								"net.maxon.description.base.identifier",
								{
									"dataType": "net.maxon.datatype.internedid",
									"content": "net.maxon.description.template.color.rgb"
								},
								"net.maxon.description.ui.base.guitypeid",
								{
									"dataType": "net.maxon.datatype.id",
									"content": "net.maxon.ui.color"
								}
							]
						}
					},
					{
						"referenceDataType": "net.maxon.interface.datadictionary-C",
						"_impl": {
							"_mode": 1,
							"_keyType": "net.maxon.datatype.internedid",
							"_fastData": [
								"net.maxon.description.base.command",
								{
									"dataType": "net.maxon.datatype.id",
									"content": "attribute"
								},
								"net.maxon.description.base.identifier",
								{
									"dataType": "net.maxon.datatype.internedid",
									"content": "net.maxon.description.template.color.rgba"
								},
								"net.maxon.description.ui.base.guitypeid",
								{
									"dataType": "net.maxon.datatype.id",
									"content": "net.maxon.ui.coloralpha"
								}
							]
						}
					},
					{
						"referenceDataType": "net.maxon.interface.datadictionary-C",
						"_impl": {
							"_mode": 1,
							"_keyType": "net.maxon.datatype.internedid",
							"_fastData": [
								"net.maxon.description.base.command",
								{
									"dataType": "net.maxon.datatype.id",
									"content": "attribute"
								},
								"net.maxon.description.base.identifier",
								{
									"dataType": "net.maxon.datatype.internedid",
									"content": "net.maxon.description.template.float.editfield"
								},
								"net.maxon.description.ui.base.guitypeid",
								{
									"dataType": "net.maxon.datatype.id",
									"content": "net.maxon.ui.number"
								}
							]
						}
					},
					{
						"referenceDataType": "net.maxon.interface.datadictionary-C",
						"_impl": {
							"_mode": 1,
							"_keyType": "net.maxon.datatype.internedid",
							"_fastData": [
								"net.maxon.description.base.command",
								{
									"dataType": "net.maxon.datatype.id",
									"content": "attribute"
								},
								"net.maxon.description.base.identifier",
								{
									"dataType": "net.maxon.datatype.internedid",
									"content": "net.maxon.description.template.float.editfieldwithslider"
								},
								"net.maxon.description.ui.base.guitypeid",
								{
									"dataType": "net.maxon.datatype.id",
									"content": "net.maxon.ui.number"
								},
								"net.maxon.description.ui.net.maxon.ui.number.slider",
								{
									"dataType": "bool",
									"content": true
								}
							]
						}
					},
					{
						"referenceDataType": "net.maxon.interface.datadictionary-C",
						"_impl": {
							"_mode": 1,
							"_keyType": "net.maxon.datatype.internedid",
							"_fastData": [
								"net.maxon.description.base.command",
								{
									"dataType": "net.maxon.datatype.id",
									"content": "attribute"
								},
								"net.maxon.description.base.identifier",
								{
									"dataType": "net.maxon.datatype.internedid",
									"content": "net.maxon.description.template.id.enum"
								},
								"net.maxon.description.ui.base.guitypeid",
								{
									"dataType": "net.maxon.datatype.id",
									"content": "net.maxon.ui.enum"
								},
								"net.maxon.description.ui.base.optionalchildrenstrings",
								{
									"dataType": "bool",
									"content": false
								}
							]
						}
					},
					{
						"referenceDataType": "net.maxon.interface.datadictionary-C",
						"_impl": {
							"_mode": 1,
							"_keyType": "net.maxon.datatype.internedid",
							"_fastData": [
								"net.maxon.description.base.command",
								{
									"dataType": "net.maxon.datatype.id",
									"content": "attribute"
								},
								"net.maxon.description.base.identifier",
								{
									"dataType": "net.maxon.datatype.internedid",
									"content": "net.maxon.description.templates.yZWYGU_oD53n9qd8XomMS2"
								},
								"net.maxon.description.ui.base.guitypeid",
								{
									"dataType": "net.maxon.datatype.id",
									"content": "net.maxon.ui.enum"
								},
								"net.maxon.description.ui.base.optionalchildrenstrings",
								{
									"dataType": "bool",
									"content": false
								}
							]
						}
					},
					{
						"referenceDataType": "net.maxon.interface.datadictionary-C",
						"_impl": {
							"_mode": 1,
							"_keyType": "net.maxon.datatype.internedid",
							"_fastData": [
								"net.maxon.description.base.command",
								{
									"dataType": "net.maxon.datatype.id",
									"content": "attribute"
								},
								"net.maxon.description.base.identifier",
								{
									"dataType": "net.maxon.datatype.internedid",
									"content": "net.maxon.description.template.string.editfield"
								},
								"net.maxon.description.ui.base.guitypeid",
								{
									"dataType": "net.maxon.datatype.id",
									"content": "net.maxon.ui.string"
								}
							]
						}
					},
					{
						"referenceDataType": "net.maxon.interface.datadictionary-C",
						"_impl": {
							"_mode": 1,
							"_keyType": "net.maxon.datatype.internedid",
							"_fastData": [
								"net.maxon.description.base.command",
								{
									"dataType": "net.maxon.datatype.id",
									"content": "attribute"
								},
								"net.maxon.description.base.identifier",
								{
									"dataType": "net.maxon.datatype.internedid",
									"content": "url"
								},
								"net.maxon.description.ui.base.groupid",
								{
									"dataType": "net.maxon.datatype.internedid",
									"content": ""
								},
								"net.maxon.description.ui.base.guitypeid",
								{
									"dataType": "net.maxon.datatype.id",
									"content": "net.maxon.ui.url"
								}
							]
						}
					},
					{
						"referenceDataType": "net.maxon.interface.datadictionary-C",
						"_impl": {
							"_mode": 1,
							"_keyType": "net.maxon.datatype.internedid",
							"_fastData": [
								"net.maxon.description.base.command",
								{
									"dataType": "net.maxon.datatype.id",
									"content": "attribute"
								},
								"net.maxon.description.base.identifier",
								{
									"dataType": "net.maxon.datatype.internedid",
									"content": "net.maxon.description.templates.vector2.editfield"
								},
								"net.maxon.description.ui.base.guitypeid",
								{
									"dataType": "net.maxon.datatype.id",
									"content": "net.maxon.ui.number"
								}
							]
						}
					},
					{
						"referenceDataType": "net.maxon.interface.datadictionary-C",
						"_impl": {
							"_mode": 1,
							"_keyType": "net.maxon.datatype.internedid",
							"_fastData": [
								"net.maxon.description.base.command",
								{
									"dataType": "net.maxon.datatype.id",
									"content": "attribute"
								},
								"net.maxon.description.base.identifier",
								{
									"dataType": "net.maxon.datatype.internedid",
									"content": "net.maxon.description.templates.vector3.editfield"
								},
								"net.maxon.description.ui.base.guitypeid",
								{
									"dataType": "net.maxon.datatype.id",
									"content": "net.maxon.ui.number"
								}
							]
						}
					},
					{
						"referenceDataType": "net.maxon.interface.datadictionary-C",
						"_impl": {
							"_mode": 1,
							"_keyType": "net.maxon.datatype.internedid",
							"_fastData": [
								"net.maxon.description.base.command",
								{
									"dataType": "net.maxon.datatype.id",
									"content": "attribute"
								},
								"net.maxon.description.base.identifier",
								{
									"dataType": "net.maxon.datatype.internedid",
									"content": "net.maxon.description.templates.gradient"
								},
								"net.maxon.description.ui.base.groupid",
								{
									"dataType": "net.maxon.datatype.internedid",
									"content": "net.maxon.node.base.group.inputs"
								},
								"net.maxon.description.ui.base.guitypeid",
								{
									"dataType": "net.maxon.datatype.id",
									"content": "net.maxon.ui.variadicport"
								},
								"net.maxon.description.ui.net.maxon.ui.variadicport.complexcustomui",
								{
									"dataType": "int32",
									"content": 200001011
								}
							]
						}
					},
					{
						"referenceDataType": "net.maxon.interface.datadictionary-C",
						"_impl": {
							"_mode": 1,
							"_keyType": "net.maxon.datatype.internedid",
							"_fastData": [
								"net.maxon.description.base.command",
								{
									"dataType": "net.maxon.datatype.id",
									"content": "separator"
								},
								"net.maxon.description.base.identifier",
								{
									"dataType": "net.maxon.datatype.internedid",
									"content": "net.maxon.description.templates.ePJxSmqzKd6oYXGiz8mr4D"
								}
							]
						}
					},
					{
						"referenceDataType": "net.maxon.interface.datadictionary-C",
						"_impl": {
							"_mode": 2,
							"_data": [
								{
									"dataType": "net.maxon.datatype.internedid",
									"content": "net.maxon.description.base.command"
								},
								{
									"dataType": "net.maxon.datatype.id",
									"content": "preset"
								},
								{
									"dataType": "net.maxon.datatype.internedid",
									"content": "net.maxon.description.base.identifier"
								},
								{
									"dataType": "net.maxon.datatype.internedid",
									"content": "net.maxon.description.templates.preset"
								},
								{
									"dataType": "net.maxon.datatype.internedid",
									"content": "net.maxon.description.ui.base.groupid"
								},
								{
									"dataType": "net.maxon.datatype.internedid",
									"content": "net.maxon.node.base.group.inputs"
								},
								{
									"dataType": "net.maxon.datatype.internedid",
									"content": "net.maxon.description.ui.base.guitypeid"
								},
								{
									"dataType": "net.maxon.datatype.id",
									"content": "net.maxon.ui.enum"
								},
								{
									"dataType": "net.maxon.datatype.internedid",
									"content": "net.maxon.description.ui.base.parentfolderid"
								},
								{
									"dataType": "net.maxon.datatype.internedid",
									"content": "conductorpreset"
								},
								{
									"dataType": "net.maxon.datatype.internedid",
									"content": "net.maxon.description.ui.base.parentfolderiddefaultopen"
								},
								{
									"dataType": "bool",
									"content": true
								},
								{
									"dataType": "net.maxon.datatype.internedid",
									"content": "net.maxon.description.ui.base.presetdatabaseid"
								},
								{
									"dataType": "net.maxon.datatype.id",
									"content": "net.maxon.preset.custommetal"
								},
								{
									"dataType": "net.maxon.datatype.internedid",
									"content": "net.maxon.description.ui.base.presetmembers"
								},
								{
									"dataType": "(net.maxon.datatype.internedid,net.maxon.datatype.internedid)",
									"isArray": true,
									"content": []
								},
								{
									"dataType": "net.maxon.datatype.internedid",
									"content": "net.maxon.description.ui.base.show"
								},
								{
									"dataType": "net.maxon.interface.cstring-C",
									"content": ""
								}
							]
						}
					},
					{
						"referenceDataType": "net.maxon.interface.datadictionary-C",
						"_impl": {
							"_mode": 1,
							"_keyType": "net.maxon.datatype.internedid",
							"_fastData": [
								"net.maxon.description.base.command",
								{
									"dataType": "net.maxon.datatype.id",
									"content": "attribute"
								},
								"net.maxon.description.base.identifier",
								{
									"dataType": "net.maxon.datatype.internedid",
									"content": "net.maxon.description.templates.xZw88eBgKVupCZz4wJ$082"
								},
								"net.maxon.description.ui.base.guitypeid",
								{
									"dataType": "net.maxon.datatype.id",
									"content": "net.maxon.ui.string"
								},
								"net.maxon.description.ui.net.maxon.ui.string.readonly",
								{
									"dataType": "bool",
									"content": true
								}
							]
						}
					}
				]
			}
		]
	}
}
