﻿{
	"identification": "net.maxon.fileid.descriptiondefinition",
	"content": {
		"_db": [
			"net.maxon.description.templates",
			{
				"referenceClassType": "net.maxon.class.datadescriptiondefinition",
				"_info": {
					"referenceDataType": "net.maxon.interface.datadictionary-C",
					"_impl": {
						"_mode": 1,
						"_keyType": "net.maxon.datatype.internedid",
						"_fastData": []
					}
				},
				"_description": [
					{
						"referenceDataType": "net.maxon.interface.datadictionary-C",
						"_impl": {
							"_mode": 1,
							"_keyType": "net.maxon.datatype.internedid",
							"_fastData": [
								"net.maxon.description.base.command",
								{
									"dataType": "net.maxon.datatype.id",
									"content": "group"
								},
								"net.maxon.description.base.identifier",
								{
									"dataType": "net.maxon.datatype.internedid",
									"content": "net.maxon.description.template.group"
								},
								"net.maxon.description.string.base.translatedstring",
								{
									"dataType": "net.maxon.interface.string-C",
									"content": "Group"
								}
							]
						}
					},
					{
						"referenceDataType": "net.maxon.interface.datadictionary-C",
						"_impl": {
							"_mode": 1,
							"_keyType": "net.maxon.datatype.internedid",
							"_fastData": [
								"net.maxon.description.base.command",
								{
									"dataType": "net.maxon.datatype.id",
									"content": "attribute"
								},
								"net.maxon.description.base.identifier",
								{
									"dataType": "net.maxon.datatype.internedid",
									"content": "net.maxon.description.template.bool"
								},
								"net.maxon.description.string.base.translatedstring",
								{
									"dataType": "net.maxon.interface.string-C",
									"content": "Bool (Checkbox)"
								}
							]
						}
					},
					{
						"referenceDataType": "net.maxon.interface.datadictionary-C",
						"_impl": {
							"_mode": 1,
							"_keyType": "net.maxon.datatype.internedid",
							"_fastData": [
								"net.maxon.description.base.command",
								{
									"dataType": "net.maxon.datatype.id",
									"content": "attribute"
								},
								"net.maxon.description.base.identifier",
								{
									"dataType": "net.maxon.datatype.internedid",
									"content": "net.maxon.description.template.color.rgb"
								},
								"net.maxon.description.string.base.translatedstring",
								{
									"dataType": "net.maxon.interface.string-C",
									"content": "Color Field (RGB)"
								}
							]
						}
					},
					{
						"referenceDataType": "net.maxon.interface.datadictionary-C",
						"_impl": {
							"_mode": 1,
							"_keyType": "net.maxon.datatype.internedid",
							"_fastData": [
								"net.maxon.description.base.command",
								{
									"dataType": "net.maxon.datatype.id",
									"content": "attribute"
								},
								"net.maxon.description.base.identifier",
								{
									"dataType": "net.maxon.datatype.internedid",
									"content": "net.maxon.description.template.color.rgba"
								},
								"net.maxon.description.string.base.translatedstring",
								{
									"dataType": "net.maxon.interface.string-C",
									"content": "Color Field (RGB+Alpha)"
								}
							]
						}
					},
					{
						"referenceDataType": "net.maxon.interface.datadictionary-C",
						"_impl": {
							"_mode": 1,
							"_keyType": "net.maxon.datatype.internedid",
							"_fastData": [
								"net.maxon.description.base.command",
								{
									"dataType": "net.maxon.datatype.id",
									"content": "attribute"
								},
								"net.maxon.description.base.identifier",
								{
									"dataType": "net.maxon.datatype.internedid",
									"content": "net.maxon.description.template.float.editfield"
								},
								"net.maxon.description.string.base.translatedstring",
								{
									"dataType": "net.maxon.interface.string-C",
									"content": "Float (Edit Field)"
								}
							]
						}
					},
					{
						"referenceDataType": "net.maxon.interface.datadictionary-C",
						"_impl": {
							"_mode": 1,
							"_keyType": "net.maxon.datatype.internedid",
							"_fastData": [
								"net.maxon.description.base.command",
								{
									"dataType": "net.maxon.datatype.id",
									"content": "attribute"
								},
								"net.maxon.description.base.identifier",
								{
									"dataType": "net.maxon.datatype.internedid",
									"content": "net.maxon.description.template.float.editfieldwithslider"
								},
								"net.maxon.description.string.base.translatedstring",
								{
									"dataType": "net.maxon.interface.string-C",
									"content": "Float (Edit Field + Slider)"
								}
							]
						}
					},
					{
						"referenceDataType": "net.maxon.interface.datadictionary-C",
						"_impl": {
							"_mode": 1,
							"_keyType": "net.maxon.datatype.internedid",
							"_fastData": [
								"net.maxon.description.base.command",
								{
									"dataType": "net.maxon.datatype.id",
									"content": "attribute"
								},
								"net.maxon.description.base.identifier",
								{
									"dataType": "net.maxon.datatype.internedid",
									"content": "net.maxon.description.template.id.enum"
								},
								"net.maxon.description.string.base.translatedstring",
								{
									"dataType": "net.maxon.interface.string-C",
									"content": "Enum (Id)"
								}
							]
						}
					},
					{
						"referenceDataType": "net.maxon.interface.datadictionary-C",
						"_impl": {
							"_mode": 1,
							"_keyType": "net.maxon.datatype.internedid",
							"_fastData": [
								"net.maxon.description.base.command",
								{
									"dataType": "net.maxon.datatype.id",
									"content": "attribute"
								},
								"net.maxon.description.base.identifier",
								{
									"dataType": "net.maxon.datatype.internedid",
									"content": "net.maxon.description.templates.yZWYGU_oD53n9qd8XomMS2"
								},
								"net.maxon.description.string.base.translatedstring",
								{
									"dataType": "net.maxon.interface.string-C",
									"content": "Enum (Int)"
								}
							]
						}
					},
					{
						"referenceDataType": "net.maxon.interface.datadictionary-C",
						"_impl": {
							"_mode": 1,
							"_keyType": "net.maxon.datatype.internedid",
							"_fastData": [
								"net.maxon.description.base.command",
								{
									"dataType": "net.maxon.datatype.id",
									"content": "attribute"
								},
								"net.maxon.description.base.identifier",
								{
									"dataType": "net.maxon.datatype.internedid",
									"content": "net.maxon.description.template.string.editfield"
								},
								"net.maxon.description.string.base.translatedstring",
								{
									"dataType": "net.maxon.interface.string-C",
									"content": "String (Edit Field)"
								}
							]
						}
					},
					{
						"referenceDataType": "net.maxon.interface.datadictionary-C",
						"_impl": {
							"_mode": 1,
							"_keyType": "net.maxon.datatype.internedid",
							"_fastData": [
								"net.maxon.description.base.command",
								{
									"dataType": "net.maxon.datatype.id",
									"content": "attribute"
								},
								"net.maxon.description.base.identifier",
								{
									"dataType": "net.maxon.datatype.internedid",
									"content": "url"
								},
								"net.maxon.description.string.base.multilinetext",
								{
									"dataType": "bool",
									"content": true
								},
								"net.maxon.description.string.base.translatedstring",
								{
									"dataType": "net.maxon.interface.string-C",
									"content": "Url (File Chooser)"
								}
							]
						}
					},
					{
						"referenceDataType": "net.maxon.interface.datadictionary-C",
						"_impl": {
							"_mode": 1,
							"_keyType": "net.maxon.datatype.internedid",
							"_fastData": [
								"net.maxon.description.base.command",
								{
									"dataType": "net.maxon.datatype.id",
									"content": "attribute"
								},
								"net.maxon.description.base.identifier",
								{
									"dataType": "net.maxon.datatype.internedid",
									"content": "net.maxon.description.templates.vector2.editfield"
								},
								"net.maxon.description.string.base.translatedstring",
								{
									"dataType": "net.maxon.interface.string-C",
									"content": "Vector 2 (Edit Field)"
								}
							]
						}
					},
					{
						"referenceDataType": "net.maxon.interface.datadictionary-C",
						"_impl": {
							"_mode": 1,
							"_keyType": "net.maxon.datatype.internedid",
							"_fastData": [
								"net.maxon.description.base.command",
								{
									"dataType": "net.maxon.datatype.id",
									"content": "attribute"
								},
								"net.maxon.description.base.identifier",
								{
									"dataType": "net.maxon.datatype.internedid",
									"content": "net.maxon.description.templates.vector3.editfield"
								},
								"net.maxon.description.string.base.translatedstring",
								{
									"dataType": "net.maxon.interface.string-C",
									"content": "Vector 3 (Edit Field)"
								}
							]
						}
					},
					{
						"referenceDataType": "net.maxon.interface.datadictionary-C",
						"_impl": {
							"_mode": 1,
							"_keyType": "net.maxon.datatype.internedid",
							"_fastData": [
								"net.maxon.description.base.command",
								{
									"dataType": "net.maxon.datatype.id",
									"content": "attribute"
								},
								"net.maxon.description.base.identifier",
								{
									"dataType": "net.maxon.datatype.internedid",
									"content": "net.maxon.description.templates.gradient"
								},
								"net.maxon.description.string.base.translatedstring",
								{
									"dataType": "net.maxon.interface.string-C",
									"content": "Node - Gradient"
								}
							]
						}
					},
					{
						"referenceDataType": "net.maxon.interface.datadictionary-C",
						"_impl": {
							"_mode": 1,
							"_keyType": "net.maxon.datatype.internedid",
							"_fastData": [
								"net.maxon.description.base.command",
								{
									"dataType": "net.maxon.datatype.id",
									"content": "string"
								},
								"net.maxon.description.base.identifier",
								{
									"dataType": "net.maxon.datatype.internedid",
									"content": "net.maxon.description.templates.gradient.command.addneedle"
								},
								"net.maxon.description.string.base.translatedstring",
								{
									"dataType": "net.maxon.interface.string-C",
									"content": "Add Knot"
								}
							]
						}
					},
					{
						"referenceDataType": "net.maxon.interface.datadictionary-C",
						"_impl": {
							"_mode": 1,
							"_keyType": "net.maxon.datatype.internedid",
							"_fastData": [
								"net.maxon.description.base.command",
								{
									"dataType": "net.maxon.datatype.id",
									"content": "separator"
								},
								"net.maxon.description.base.identifier",
								{
									"dataType": "net.maxon.datatype.internedid",
									"content": "net.maxon.description.templates.ePJxSmqzKd6oYXGiz8mr4D"
								},
								"net.maxon.description.string.base.translatedstring",
								{
									"dataType": "net.maxon.interface.string-C",
									"content": "Separator"
								}
							]
						}
					},
					{
						"referenceDataType": "net.maxon.interface.datadictionary-C",
						"_impl": {
							"_mode": 1,
							"_keyType": "net.maxon.datatype.internedid",
							"_fastData": [
								"net.maxon.description.base.command",
								{
									"dataType": "net.maxon.datatype.id",
									"content": "preset"
								},
								"net.maxon.description.base.identifier",
								{
									"dataType": "net.maxon.datatype.internedid",
									"content": "net.maxon.description.templates.preset"
								},
								"net.maxon.description.string.base.translatedstring",
								{
									"dataType": "net.maxon.interface.string-C",
									"content": "Preset"
								}
							]
						}
					},
					{
						"referenceDataType": "net.maxon.interface.datadictionary-C",
						"_impl": {
							"_mode": 1,
							"_keyType": "net.maxon.datatype.internedid",
							"_fastData": [
								"net.maxon.description.base.command",
								{
									"dataType": "net.maxon.datatype.id",
									"content": "attribute"
								},
								"net.maxon.description.base.identifier",
								{
									"dataType": "net.maxon.datatype.internedid",
									"content": "net.maxon.description.templates.xZw88eBgKVupCZz4wJ$082"
								},
								"net.maxon.description.string.base.translatedstring",
								{
									"dataType": "net.maxon.interface.string-C",
									"content": "Page (Left Side)"
								}
							]
						}
					},
					{
						"referenceDataType": "net.maxon.interface.datadictionary-C",
						"_impl": {
							"_mode": 1,
							"_keyType": "net.maxon.datatype.internedid",
							"_fastData": [
								"net.maxon.description.base.command",
								{
									"dataType": "net.maxon.datatype.id",
									"content": "exportedstring"
								},
								"net.maxon.description.base.identifier",
								{
									"dataType": "net.maxon.datatype.internedid",
									"content": "net.maxon.description.templates.exportedstring"
								},
								"net.maxon.description.string.base.translatedstring",
								{
									"dataType": "net.maxon.interface.string-C",
									"content": "String (external only)"
								}
							]
						}
					}
				]
			}
		]
	}
}
