﻿{
	"identification": "net.maxon.fileid.descriptiondefinition",
	"content": {
		"_db": [
			"net.maxon.node.attribute",
			{
				"referenceClassType": "net.maxon.class.datadescriptiondefinition",
				"_info": {},
				"_description": [
					{
						"referenceDataType": "net.maxon.interface.datadictionary-C",
						"_impl": {
							"_mode": 1,
							"_keyType": "net.maxon.datatype.internedid",
							"_fastData": [
								"net.maxon.description.base.command",
								{
									"dataType": "net.maxon.datatype.id",
									"content": "attribute"
								},
								"net.maxon.description.base.identifier",
								{
									"dataType": "net.maxon.datatype.internedid",
									"content": "net.maxon.node.attribute.orderindex"
								},
								"net.maxon.description.string.base.translatedstring",
								{
									"dataType": "net.maxon.interface.string-C",
									"content": "Port Order Index"
								}
							]
						}
					},
					{
						"referenceDataType": "net.maxon.interface.datadictionary-C",
						"_impl": {
							"_mode": 1,
							"_keyType": "net.maxon.datatype.internedid",
							"_fastData": [
								"net.maxon.description.base.command",
								{
									"dataType": "net.maxon.datatype.id",
									"content": "attribute"
								},
								"net.maxon.description.base.identifier",
								{
									"dataType": "net.maxon.datatype.internedid",
									"content": "net.maxon.node.attribute.insertindex"
								},
								"net.maxon.description.string.base.translatedstring",
								{
									"dataType": "net.maxon.interface.string-C",
									"content": "Insert Index"
								}
							]
						}
					},
					{
						"referenceDataType": "net.maxon.interface.datadictionary-C",
						"_impl": {
							"_mode": 1,
							"_keyType": "net.maxon.datatype.internedid",
							"_fastData": [
								"net.maxon.description.base.command",
								{
									"dataType": "net.maxon.datatype.id",
									"content": "attribute"
								},
								"net.maxon.description.base.identifier",
								{
									"dataType": "net.maxon.datatype.internedid",
									"content": "net.maxon.node.attribute.internalhidden"
								},
								"net.maxon.description.string.base.translatedstring",
								{
									"dataType": "net.maxon.interface.string-C",
									"content": "Hidden"
								}
							]
						}
					},
					{
						"referenceDataType": "net.maxon.interface.datadictionary-C",
						"_impl": {
							"_mode": 1,
							"_keyType": "net.maxon.datatype.internedid",
							"_fastData": [
								"net.maxon.description.base.command",
								{
									"dataType": "net.maxon.datatype.id",
									"content": "attribute"
								},
								"net.maxon.description.base.identifier",
								{
									"dataType": "net.maxon.datatype.internedid",
									"content": "net.maxon.node.attribute.isconverterport"
								},
								"net.maxon.description.string.base.translatedstring",
								{
									"dataType": "net.maxon.interface.string-C",
									"content": "Is Converter Port"
								}
							]
						}
					},
					{
						"referenceDataType": "net.maxon.interface.datadictionary-C",
						"_impl": {
							"_mode": 1,
							"_keyType": "net.maxon.datatype.internedid",
							"_fastData": [
								"net.maxon.description.base.command",
								{
									"dataType": "net.maxon.datatype.id",
									"content": "attribute"
								},
								"net.maxon.description.base.identifier",
								{
									"dataType": "net.maxon.datatype.internedid",
									"content": "net.maxon.node.attribute.ispreviewport"
								},
								"net.maxon.description.string.base.translatedstring",
								{
									"dataType": "net.maxon.interface.string-C",
									"content": "Is Default Preview Port"
								}
							]
						}
					},
					{
						"referenceDataType": "net.maxon.interface.datadictionary-C",
						"_impl": {
							"_mode": 1,
							"_keyType": "net.maxon.datatype.internedid",
							"_fastData": [
								"net.maxon.description.base.command",
								{
									"dataType": "net.maxon.datatype.id",
									"content": "attribute"
								},
								"net.maxon.description.base.identifier",
								{
									"dataType": "net.maxon.datatype.internedid",
									"content": "net.maxon.node.attribute.hideportinnodegraph"
								},
								"net.maxon.description.string.base.translatedstring",
								{
									"dataType": "net.maxon.interface.string-C",
									"content": "Hide Port in Nodegraph"
								}
							]
						}
					},
					{
						"referenceDataType": "net.maxon.interface.datadictionary-C",
						"_impl": {
							"_mode": 1,
							"_keyType": "net.maxon.datatype.internedid",
							"_fastData": [
								"net.maxon.description.base.command",
								{
									"dataType": "net.maxon.datatype.id",
									"content": "attribute"
								},
								"net.maxon.description.base.identifier",
								{
									"dataType": "net.maxon.datatype.internedid",
									"content": "net.maxon.node.attribute.materialeditorshowonleftside"
								},
								"net.maxon.description.string.base.translatedstring",
								{
									"dataType": "net.maxon.interface.string-C",
									"content": "Material Editor - Show on Left Side"
								}
							]
						}
					},
					{
						"referenceDataType": "net.maxon.interface.datadictionary-C",
						"_impl": {
							"_mode": 1,
							"_keyType": "net.maxon.datatype.internedid",
							"_fastData": [
								"net.maxon.description.base.command",
								{
									"dataType": "net.maxon.datatype.id",
									"content": "attribute"
								},
								"net.maxon.description.base.identifier",
								{
									"dataType": "net.maxon.datatype.internedid",
									"content": "net.maxon.node.attribute.materialeditorgroupactivation"
								},
								"net.maxon.description.string.base.translatedstring",
								{
									"dataType": "net.maxon.interface.string-C",
									"content": "Material Editor - Group Activation Id"
								}
							]
						}
					},
					{
						"referenceDataType": "net.maxon.interface.datadictionary-C",
						"_impl": {
							"_mode": 1,
							"_keyType": "net.maxon.datatype.internedid",
							"_fastData": [
								"net.maxon.description.base.command",
								{
									"dataType": "net.maxon.datatype.id",
									"content": "attribute"
								},
								"net.maxon.description.base.identifier",
								{
									"dataType": "net.maxon.datatype.internedid",
									"content": "net.maxon.node.attribute.copyunitsfromoutport"
								},
								"net.maxon.description.string.base.translatedstring",
								{
									"dataType": "net.maxon.interface.string-C",
									"content": "Copy Units From Outport"
								}
							]
						}
					}
				]
			},
			"net.maxon.node.base",
			{
				"referenceClassType": "net.maxon.class.datadescriptiondefinition",
				"_info": {
					"referenceDataType": "net.maxon.interface.datadictionary-C",
					"_impl": {
						"_mode": 1,
						"_keyType": "net.maxon.datatype.internedid",
						"_fastData": []
					}
				},
				"_description": [
					{
						"referenceDataType": "net.maxon.interface.datadictionary-C",
						"_impl": {
							"_mode": 1,
							"_keyType": "net.maxon.datatype.internedid",
							"_fastData": [
								"net.maxon.description.base.command",
								{
									"dataType": "net.maxon.datatype.id",
									"content": "include"
								},
								"net.maxon.description.base.identifier",
								{
									"dataType": "net.maxon.datatype.internedid",
									"content": "net.maxon.object.base"
								},
								"net.maxon.description.data.base.generateignoreheader",
								{
									"dataType": "bool",
									"content": true
								},
								"net.maxon.description.data.base.include",
								{
									"dataType": "net.maxon.datatype.id",
									"content": "net.maxon.object.base"
								}
							]
						}
					},
					{
						"referenceDataType": "net.maxon.interface.datadictionary-C",
						"_impl": {
							"_mode": 1,
							"_keyType": "net.maxon.datatype.internedid",
							"_fastData": [
								"net.maxon.description.base.command",
								{
									"dataType": "net.maxon.datatype.id",
									"content": "group"
								},
								"net.maxon.description.base.identifier",
								{
									"dataType": "net.maxon.datatype.internedid",
									"content": "net.maxon.node.base.preview"
								},
								"net.maxon.description.string.base.translatedstring",
								{
									"dataType": "net.maxon.interface.string-C",
									"content": "Preview"
								}
							]
						}
					},
					{
						"referenceDataType": "net.maxon.interface.datadictionary-C",
						"_impl": {
							"_mode": 1,
							"_keyType": "net.maxon.datatype.internedid",
							"_fastData": [
								"net.maxon.description.base.command",
								{
									"dataType": "net.maxon.datatype.id",
									"content": "attribute"
								},
								"net.maxon.description.base.identifier",
								{
									"dataType": "net.maxon.datatype.internedid",
									"content": "net.maxon.node.base.nodepreviewimage"
								},
								"net.maxon.description.string.base.translatedstring",
								{
									"dataType": "net.maxon.interface.string-C",
									"content": "Node Preview"
								}
							]
						}
					},
					{
						"referenceDataType": "net.maxon.interface.datadictionary-C",
						"_impl": {
							"_mode": 1,
							"_keyType": "net.maxon.datatype.internedid",
							"_fastData": [
								"net.maxon.description.base.command",
								{
									"dataType": "net.maxon.datatype.id",
									"content": "attribute"
								},
								"net.maxon.description.base.identifier",
								{
									"dataType": "net.maxon.datatype.internedid",
									"content": "net.maxon.node.base.materialpreviewimage"
								},
								"net.maxon.description.string.base.translatedstring",
								{
									"dataType": "net.maxon.interface.string-C",
									"content": "Material Preview"
								}
							]
						}
					},
					{
						"referenceDataType": "net.maxon.interface.datadictionary-C",
						"_impl": {
							"_mode": 1,
							"_keyType": "net.maxon.datatype.internedid",
							"_fastData": [
								"net.maxon.description.base.command",
								{
									"dataType": "net.maxon.datatype.id",
									"content": "group"
								},
								"net.maxon.description.base.identifier",
								{
									"dataType": "net.maxon.datatype.internedid",
									"content": "net.maxon.node.base.group.basic"
								},
								"net.maxon.description.string.base.translatedstring",
								{
									"dataType": "net.maxon.interface.string-C",
									"content": "Basic"
								}
							]
						}
					},
					{
						"referenceDataType": "net.maxon.interface.datadictionary-C",
						"_impl": {
							"_mode": 1,
							"_keyType": "net.maxon.datatype.internedid",
							"_fastData": [
								"net.maxon.description.base.command",
								{
									"dataType": "net.maxon.datatype.id",
									"content": "attribute"
								},
								"net.maxon.description.base.identifier",
								{
									"dataType": "net.maxon.datatype.internedid",
									"content": "net.maxon.node.base.name"
								},
								"net.maxon.description.string.base.translatedstring",
								{
									"dataType": "net.maxon.interface.string-C",
									"content": "Name"
								}
							]
						}
					},
					{
						"referenceDataType": "net.maxon.interface.datadictionary-C",
						"_impl": {
							"_mode": 1,
							"_keyType": "net.maxon.datatype.internedid",
							"_fastData": [
								"net.maxon.description.base.command",
								{
									"dataType": "net.maxon.datatype.id",
									"content": "attribute"
								},
								"net.maxon.description.base.identifier",
								{
									"dataType": "net.maxon.datatype.internedid",
									"content": "net.maxon.node.base.assetversion"
								},
								"net.maxon.description.string.base.translatedstring",
								{
									"dataType": "net.maxon.interface.string-C",
									"content": "Asset Version"
								}
							]
						}
					},
					{
						"referenceDataType": "net.maxon.interface.datadictionary-C",
						"_impl": {
							"_mode": 1,
							"_keyType": "net.maxon.datatype.internedid",
							"_fastData": [
								"net.maxon.description.base.command",
								{
									"dataType": "net.maxon.datatype.id",
									"content": "string"
								},
								"net.maxon.description.base.identifier",
								{
									"dataType": "net.maxon.datatype.internedid",
									"content": "net.maxon.node.base.assetversion.enum.latest"
								},
								"net.maxon.description.string.base.translatedstring",
								{
									"dataType": "net.maxon.interface.string-C",
									"content": "Latest"
								}
							]
						}
					},
					{
						"referenceDataType": "net.maxon.interface.datadictionary-C",
						"_impl": {
							"_mode": 1,
							"_keyType": "net.maxon.datatype.internedid",
							"_fastData": [
								"net.maxon.description.base.command",
								{
									"dataType": "net.maxon.datatype.id",
									"content": "attribute"
								},
								"net.maxon.description.base.identifier",
								{
									"dataType": "net.maxon.datatype.internedid",
									"content": "net.maxon.node.base.usecolor"
								},
								"net.maxon.description.string.base.translatedstring",
								{
									"dataType": "net.maxon.interface.string-C",
									"content": "Custom Node Color"
								}
							]
						}
					},
					{
						"referenceDataType": "net.maxon.interface.datadictionary-C",
						"_impl": {
							"_mode": 1,
							"_keyType": "net.maxon.datatype.internedid",
							"_fastData": [
								"net.maxon.description.base.command",
								{
									"dataType": "net.maxon.datatype.id",
									"content": "attribute"
								},
								"net.maxon.description.base.identifier",
								{
									"dataType": "net.maxon.datatype.internedid",
									"content": "net.maxon.node.base.color"
								},
								"net.maxon.description.string.base.translatedstring",
								{
									"dataType": "net.maxon.interface.string-C",
									"content": "Node Color"
								}
							]
						}
					},
					{
						"referenceDataType": "net.maxon.interface.datadictionary-C",
						"_impl": {
							"_mode": 1,
							"_keyType": "net.maxon.datatype.internedid",
							"_fastData": [
								"net.maxon.description.base.command",
								{
									"dataType": "net.maxon.datatype.id",
									"content": "group"
								},
								"net.maxon.description.base.identifier",
								{
									"dataType": "net.maxon.datatype.internedid",
									"content": "net.maxon.node.base.group.inputs"
								},
								"net.maxon.description.string.base.translatedstring",
								{
									"dataType": "net.maxon.interface.string-C",
									"content": "Inputs"
								}
							]
						}
					},
					{
						"referenceDataType": "net.maxon.interface.datadictionary-C",
						"_impl": {
							"_mode": 1,
							"_keyType": "net.maxon.datatype.internedid",
							"_fastData": [
								"net.maxon.description.base.command",
								{
									"dataType": "net.maxon.datatype.id",
									"content": "group"
								},
								"net.maxon.description.base.identifier",
								{
									"dataType": "net.maxon.datatype.internedid",
									"content": "net.maxon.node.base.group.outputs"
								},
								"net.maxon.description.string.base.translatedstring",
								{
									"dataType": "net.maxon.interface.string-C",
									"content": "Outputs"
								}
							]
						}
					},
					{
						"referenceDataType": "net.maxon.interface.datadictionary-C",
						"_impl": {
							"_mode": 1,
							"_keyType": "net.maxon.datatype.internedid",
							"_fastData": [
								"net.maxon.description.base.command",
								{
									"dataType": "net.maxon.datatype.id",
									"content": "command"
								},
								"net.maxon.description.base.identifier",
								{
									"dataType": "net.maxon.datatype.internedid",
									"content": "net.maxon.node.base.connectnode"
								},
								"net.maxon.description.string.base.translatedstring",
								{
									"dataType": "net.maxon.interface.string-C",
									"content": "Connect Node"
								}
							]
						}
					},
					{
						"referenceDataType": "net.maxon.interface.datadictionary-C",
						"_impl": {
							"_mode": 1,
							"_keyType": "net.maxon.datatype.internedid",
							"_fastData": [
								"net.maxon.description.base.command",
								{
									"dataType": "net.maxon.datatype.id",
									"content": "command"
								},
								"net.maxon.description.base.identifier",
								{
									"dataType": "net.maxon.datatype.internedid",
									"content": "net.maxon.node.base.replacenode"
								},
								"net.maxon.description.string.base.translatedstring",
								{
									"dataType": "net.maxon.interface.string-C",
									"content": "Replace Node"
								}
							]
						}
					},
					{
						"referenceDataType": "net.maxon.interface.datadictionary-C",
						"_impl": {
							"_mode": 1,
							"_keyType": "net.maxon.datatype.internedid",
							"_fastData": [
								"net.maxon.description.base.command",
								{
									"dataType": "net.maxon.datatype.id",
									"content": "command"
								},
								"net.maxon.description.base.identifier",
								{
									"dataType": "net.maxon.datatype.internedid",
									"content": "net.maxon.node.base.connectlayerednode"
								},
								"net.maxon.description.string.base.translatedstring",
								{
									"dataType": "net.maxon.interface.string-C",
									"content": "Add Layer"
								}
							]
						}
					},
					{
						"referenceDataType": "net.maxon.interface.datadictionary-C",
						"_impl": {
							"_mode": 1,
							"_keyType": "net.maxon.datatype.internedid",
							"_fastData": [
								"net.maxon.description.base.command",
								{
									"dataType": "net.maxon.datatype.id",
									"content": "command"
								},
								"net.maxon.description.base.identifier",
								{
									"dataType": "net.maxon.datatype.internedid",
									"content": "net.maxon.node.base.insertconverternode"
								},
								"net.maxon.description.string.base.translatedstring",
								{
									"dataType": "net.maxon.interface.string-C",
									"content": "Insert Converter"
								}
							]
						}
					},
					{
						"referenceDataType": "net.maxon.interface.datadictionary-C",
						"_impl": {
							"_mode": 1,
							"_keyType": "net.maxon.datatype.internedid",
							"_fastData": [
								"net.maxon.description.base.command",
								{
									"dataType": "net.maxon.datatype.id",
									"content": "command"
								},
								"net.maxon.description.base.identifier",
								{
									"dataType": "net.maxon.datatype.internedid",
									"content": "net.maxon.node.base.addinport"
								},
								"net.maxon.description.string.base.translatedstring",
								{
									"dataType": "net.maxon.interface.string-C",
									"content": "Add Input"
								}
							]
						}
					},
					{
						"referenceDataType": "net.maxon.interface.datadictionary-C",
						"_impl": {
							"_mode": 1,
							"_keyType": "net.maxon.datatype.internedid",
							"_fastData": [
								"net.maxon.description.base.command",
								{
									"dataType": "net.maxon.datatype.id",
									"content": "command"
								},
								"net.maxon.description.base.identifier",
								{
									"dataType": "net.maxon.datatype.internedid",
									"content": "net.maxon.node.base.addoutport"
								},
								"net.maxon.description.string.base.translatedstring",
								{
									"dataType": "net.maxon.interface.string-C",
									"content": "Add Output"
								}
							]
						}
					},
					{
						"referenceDataType": "net.maxon.interface.datadictionary-C",
						"_impl": {
							"_mode": 1,
							"_keyType": "net.maxon.datatype.internedid",
							"_fastData": [
								"net.maxon.description.base.command",
								{
									"dataType": "net.maxon.datatype.id",
									"content": "command"
								},
								"net.maxon.description.base.identifier",
								{
									"dataType": "net.maxon.datatype.internedid",
									"content": "net.maxon.node.base.availabletextures"
								},
								"net.maxon.description.string.base.translatedstring",
								{
									"dataType": "net.maxon.interface.string-C",
									"content": "Textures"
								}
							]
						}
					},
					{
						"referenceDataType": "net.maxon.interface.datadictionary-C",
						"_impl": {
							"_mode": 1,
							"_keyType": "net.maxon.datatype.internedid",
							"_fastData": [
								"net.maxon.description.base.command",
								{
									"dataType": "net.maxon.datatype.id",
									"content": "command"
								},
								"net.maxon.description.base.identifier",
								{
									"dataType": "net.maxon.datatype.internedid",
									"content": "net.maxon.node.base.loadtexture"
								},
								"net.maxon.description.string.base.translatedstring",
								{
									"dataType": "net.maxon.interface.string-C",
									"content": "Load Texture..."
								}
							]
						}
					},
					{
						"referenceDataType": "net.maxon.interface.datadictionary-C",
						"_impl": {
							"_mode": 1,
							"_keyType": "net.maxon.datatype.internedid",
							"_fastData": [
								"net.maxon.description.base.command",
								{
									"dataType": "net.maxon.datatype.id",
									"content": "command"
								},
								"net.maxon.description.base.identifier",
								{
									"dataType": "net.maxon.datatype.internedid",
									"content": "net.maxon.node.base.copyconnection"
								},
								"net.maxon.description.string.base.translatedstring",
								{
									"dataType": "net.maxon.interface.string-C",
									"content": "Copy"
								}
							]
						}
					},
					{
						"referenceDataType": "net.maxon.interface.datadictionary-C",
						"_impl": {
							"_mode": 1,
							"_keyType": "net.maxon.datatype.internedid",
							"_fastData": [
								"net.maxon.description.base.command",
								{
									"dataType": "net.maxon.datatype.id",
									"content": "command"
								},
								"net.maxon.description.base.identifier",
								{
									"dataType": "net.maxon.datatype.internedid",
									"content": "net.maxon.node.base.pasteconnection"
								},
								"net.maxon.description.string.base.translatedstring",
								{
									"dataType": "net.maxon.interface.string-C",
									"content": "Paste (Link)"
								}
							]
						}
					},
					{
						"referenceDataType": "net.maxon.interface.datadictionary-C",
						"_impl": {
							"_mode": 1,
							"_keyType": "net.maxon.datatype.internedid",
							"_fastData": [
								"net.maxon.description.base.command",
								{
									"dataType": "net.maxon.datatype.id",
									"content": "command"
								},
								"net.maxon.description.base.identifier",
								{
									"dataType": "net.maxon.datatype.internedid",
									"content": "net.maxon.node.base.pasteconnectionascopy"
								},
								"net.maxon.description.string.base.translatedstring",
								{
									"dataType": "net.maxon.interface.string-C",
									"content": "Paste (Duplicate)"
								}
							]
						}
					},
					{
						"referenceDataType": "net.maxon.interface.datadictionary-C",
						"_impl": {
							"_mode": 1,
							"_keyType": "net.maxon.datatype.internedid",
							"_fastData": [
								"net.maxon.description.base.command",
								{
									"dataType": "net.maxon.datatype.id",
									"content": "command"
								},
								"net.maxon.description.base.identifier",
								{
									"dataType": "net.maxon.datatype.internedid",
									"content": "net.maxon.node.base.remove"
								},
								"net.maxon.description.string.base.translatedstring",
								{
									"dataType": "net.maxon.interface.string-C",
									"content": "Remove"
								}
							]
						}
					},
					{
						"referenceDataType": "net.maxon.interface.datadictionary-C",
						"_impl": {
							"_mode": 1,
							"_keyType": "net.maxon.datatype.internedid",
							"_fastData": [
								"net.maxon.description.base.command",
								{
									"dataType": "net.maxon.datatype.id",
									"content": "command"
								},
								"net.maxon.description.base.identifier",
								{
									"dataType": "net.maxon.datatype.internedid",
									"content": "net.maxon.node.base.removeportinstance"
								},
								"net.maxon.description.string.base.translatedstring",
								{
									"dataType": "net.maxon.interface.string-C",
									"content": "Remove Port Instance"
								}
							]
						}
					},
					{
						"referenceDataType": "net.maxon.interface.datadictionary-C",
						"_impl": {
							"_mode": 1,
							"_keyType": "net.maxon.datatype.internedid",
							"_fastData": [
								"net.maxon.description.base.command",
								{
									"dataType": "net.maxon.datatype.id",
									"content": "command"
								},
								"net.maxon.description.base.identifier",
								{
									"dataType": "net.maxon.datatype.internedid",
									"content": "net.maxon.node.base.hideport"
								},
								"net.maxon.description.string.base.translatedstring",
								{
									"dataType": "net.maxon.interface.string-C",
									"content": "Hide Port"
								}
							]
						}
					},
					{
						"referenceDataType": "net.maxon.interface.datadictionary-C",
						"_impl": {
							"_mode": 1,
							"_keyType": "net.maxon.datatype.internedid",
							"_fastData": [
								"net.maxon.description.base.command",
								{
									"dataType": "net.maxon.datatype.id",
									"content": "command"
								},
								"net.maxon.description.base.identifier",
								{
									"dataType": "net.maxon.datatype.internedid",
									"content": "net.maxon.node.base.muteport"
								},
								"net.maxon.description.string.base.translatedstring",
								{
									"dataType": "net.maxon.interface.string-C",
									"content": "Mute Port"
								}
							]
						}
					},
					{
						"referenceDataType": "net.maxon.interface.datadictionary-C",
						"_impl": {
							"_mode": 1,
							"_keyType": "net.maxon.datatype.internedid",
							"_fastData": [
								"net.maxon.description.base.command",
								{
									"dataType": "net.maxon.datatype.id",
									"content": "command"
								},
								"net.maxon.description.base.identifier",
								{
									"dataType": "net.maxon.datatype.internedid",
									"content": "net.maxon.node.base.soloport"
								},
								"net.maxon.description.string.base.translatedstring",
								{
									"dataType": "net.maxon.interface.string-C",
									"content": "Solo Port"
								}
							]
						}
					},
					{
						"referenceDataType": "net.maxon.interface.datadictionary-C",
						"_impl": {
							"_mode": 1,
							"_keyType": "net.maxon.datatype.internedid",
							"_fastData": [
								"net.maxon.description.base.command",
								{
									"dataType": "net.maxon.datatype.id",
									"content": "command"
								},
								"net.maxon.description.base.identifier",
								{
									"dataType": "net.maxon.datatype.internedid",
									"content": "net.maxon.node.base.variadicportmoveup"
								},
								"net.maxon.description.string.base.translatedstring",
								{
									"dataType": "net.maxon.interface.string-C",
									"content": "Move Port Up"
								}
							]
						}
					},
					{
						"referenceDataType": "net.maxon.interface.datadictionary-C",
						"_impl": {
							"_mode": 1,
							"_keyType": "net.maxon.datatype.internedid",
							"_fastData": [
								"net.maxon.description.base.command",
								{
									"dataType": "net.maxon.datatype.id",
									"content": "command"
								},
								"net.maxon.description.base.identifier",
								{
									"dataType": "net.maxon.datatype.internedid",
									"content": "net.maxon.node.base.variadicportmovedown"
								},
								"net.maxon.description.string.base.translatedstring",
								{
									"dataType": "net.maxon.interface.string-C",
									"content": "Move Port Down"
								}
							]
						}
					},
					{
						"referenceDataType": "net.maxon.interface.datadictionary-C",
						"_impl": {
							"_mode": 1,
							"_keyType": "net.maxon.datatype.internedid",
							"_fastData": [
								"net.maxon.description.base.command",
								{
									"dataType": "net.maxon.datatype.id",
									"content": "command"
								},
								"net.maxon.description.base.identifier",
								{
									"dataType": "net.maxon.datatype.internedid",
									"content": "net.maxon.node.base.showsubchannels"
								},
								"net.maxon.description.string.base.translatedstring",
								{
									"dataType": "net.maxon.interface.string-C",
									"content": "Show Sub-channels"
								}
							]
						}
					},
					{
						"referenceDataType": "net.maxon.interface.datadictionary-C",
						"_impl": {
							"_mode": 1,
							"_keyType": "net.maxon.datatype.internedid",
							"_fastData": [
								"net.maxon.description.base.command",
								{
									"dataType": "net.maxon.datatype.id",
									"content": "command"
								},
								"net.maxon.description.base.identifier",
								{
									"dataType": "net.maxon.datatype.internedid",
									"content": "net.maxon.node.base.propagateport"
								},
								"net.maxon.description.string.base.translatedstring",
								{
									"dataType": "net.maxon.interface.string-C",
									"content": "Propagate Port"
								}
							]
						}
					},
					{
						"referenceDataType": "net.maxon.interface.datadictionary-C",
						"_impl": {
							"_mode": 1,
							"_keyType": "net.maxon.datatype.internedid",
							"_fastData": [
								"net.maxon.description.base.command",
								{
									"dataType": "net.maxon.datatype.id",
									"content": "command"
								},
								"net.maxon.description.base.identifier",
								{
									"dataType": "net.maxon.datatype.internedid",
									"content": "net.maxon.node.base.inheritinterface"
								},
								"net.maxon.description.string.base.translatedstring",
								{
									"dataType": "net.maxon.interface.string-C",
									"content": "Inherit Interface"
								}
							]
						}
					},
					{
						"referenceDataType": "net.maxon.interface.datadictionary-C",
						"_impl": {
							"_mode": 1,
							"_keyType": "net.maxon.datatype.internedid",
							"_fastData": [
								"net.maxon.description.base.command",
								{
									"dataType": "net.maxon.datatype.id",
									"content": "command"
								},
								"net.maxon.description.base.identifier",
								{
									"dataType": "net.maxon.datatype.internedid",
									"content": "net.maxon.node.base.setaspreviewport"
								},
								"net.maxon.description.string.base.translatedstring",
								{
									"dataType": "net.maxon.interface.string-C",
									"content": "Set as Preview Port"
								}
							]
						}
					},
					{
						"referenceDataType": "net.maxon.interface.datadictionary-C",
						"_impl": {
							"_mode": 1,
							"_keyType": "net.maxon.datatype.internedid",
							"_fastData": [
								"net.maxon.description.base.command",
								{
									"dataType": "net.maxon.datatype.id",
									"content": "command"
								},
								"net.maxon.description.base.identifier",
								{
									"dataType": "net.maxon.datatype.internedid",
									"content": "net.maxon.node.base.resettodefaultvalue"
								},
								"net.maxon.description.string.base.translatedstring",
								{
									"dataType": "net.maxon.interface.string-C",
									"content": "Reset to Default Value"
								}
							]
						}
					},
					{
						"referenceDataType": "net.maxon.interface.datadictionary-C",
						"_impl": {
							"_mode": 1,
							"_keyType": "net.maxon.datatype.internedid",
							"_fastData": [
								"net.maxon.description.base.command",
								{
									"dataType": "net.maxon.datatype.id",
									"content": "command"
								},
								"net.maxon.description.base.identifier",
								{
									"dataType": "net.maxon.datatype.internedid",
									"content": "net.maxon.node.base.shownodeeditor"
								},
								"net.maxon.description.string.base.translatedstring",
								{
									"dataType": "net.maxon.interface.string-C",
									"content": "Show in Node Editor..."
								}
							]
						}
					},
					{
						"referenceDataType": "net.maxon.interface.datadictionary-C",
						"_impl": {
							"_mode": 1,
							"_keyType": "net.maxon.datatype.internedid",
							"_fastData": [
								"net.maxon.description.base.command",
								{
									"dataType": "net.maxon.datatype.id",
									"content": "command"
								},
								"net.maxon.description.base.identifier",
								{
									"dataType": "net.maxon.datatype.internedid",
									"content": "net.maxon.node.base.showpreview"
								},
								"net.maxon.description.string.base.translatedstring",
								{
									"dataType": "net.maxon.interface.string-C",
									"content": "Show Preview"
								}
							]
						}
					},
					{
						"referenceDataType": "net.maxon.interface.datadictionary-C",
						"_impl": {
							"_mode": 1,
							"_keyType": "net.maxon.datatype.internedid",
							"_fastData": [
								"net.maxon.description.base.command",
								{
									"dataType": "net.maxon.datatype.id",
									"content": "command"
								},
								"net.maxon.description.base.identifier",
								{
									"dataType": "net.maxon.datatype.internedid",
									"content": "net.maxon.node.base.hidepreview"
								},
								"net.maxon.description.string.base.translatedstring",
								{
									"dataType": "net.maxon.interface.string-C",
									"content": "Hide Preview"
								}
							]
						}
					},
					{
						"referenceDataType": "net.maxon.interface.datadictionary-C",
						"_impl": {
							"_mode": 1,
							"_keyType": "net.maxon.datatype.internedid",
							"_fastData": [
								"net.maxon.description.base.command",
								{
									"dataType": "net.maxon.datatype.id",
									"content": "command"
								},
								"net.maxon.description.base.identifier",
								{
									"dataType": "net.maxon.datatype.internedid",
									"content": "net.maxon.node.base.portstatehorizontal"
								},
								"net.maxon.description.string.base.translatedstring",
								{
									"dataType": "net.maxon.interface.string-C",
									"content": "Horizontal Layout"
								}
							]
						}
					},
					{
						"referenceDataType": "net.maxon.interface.datadictionary-C",
						"_impl": {
							"_mode": 1,
							"_keyType": "net.maxon.datatype.internedid",
							"_fastData": [
								"net.maxon.description.base.command",
								{
									"dataType": "net.maxon.datatype.id",
									"content": "command"
								},
								"net.maxon.description.base.identifier",
								{
									"dataType": "net.maxon.datatype.internedid",
									"content": "net.maxon.node.base.portstatevertical"
								},
								"net.maxon.description.string.base.translatedstring",
								{
									"dataType": "net.maxon.interface.string-C",
									"content": "Vertical Layout"
								}
							]
						}
					},
					{
						"referenceDataType": "net.maxon.interface.datadictionary-C",
						"_impl": {
							"_mode": 1,
							"_keyType": "net.maxon.datatype.internedid",
							"_fastData": [
								"net.maxon.description.base.command",
								{
									"dataType": "net.maxon.datatype.id",
									"content": "command"
								},
								"net.maxon.description.base.identifier",
								{
									"dataType": "net.maxon.datatype.internedid",
									"content": "net.maxon.node.base.nodestateshowall"
								},
								"net.maxon.description.string.base.translatedstring",
								{
									"dataType": "net.maxon.interface.string-C",
									"content": "Show All Ports"
								}
							]
						}
					},
					{
						"referenceDataType": "net.maxon.interface.datadictionary-C",
						"_impl": {
							"_mode": 1,
							"_keyType": "net.maxon.datatype.internedid",
							"_fastData": [
								"net.maxon.description.base.command",
								{
									"dataType": "net.maxon.datatype.id",
									"content": "command"
								},
								"net.maxon.description.base.identifier",
								{
									"dataType": "net.maxon.datatype.internedid",
									"content": "net.maxon.node.base.nodestateshowconnected"
								},
								"net.maxon.description.string.base.translatedstring",
								{
									"dataType": "net.maxon.interface.string-C",
									"content": "Show Connected Ports"
								}
							]
						}
					},
					{
						"referenceDataType": "net.maxon.interface.datadictionary-C",
						"_impl": {
							"_mode": 1,
							"_keyType": "net.maxon.datatype.internedid",
							"_fastData": [
								"net.maxon.description.base.command",
								{
									"dataType": "net.maxon.datatype.id",
									"content": "command"
								},
								"net.maxon.description.base.identifier",
								{
									"dataType": "net.maxon.datatype.internedid",
									"content": "net.maxon.node.base.nodestatecollapsed"
								},
								"net.maxon.description.string.base.translatedstring",
								{
									"dataType": "net.maxon.interface.string-C",
									"content": "Hide all Ports"
								}
							]
						}
					},
					{
						"referenceDataType": "net.maxon.interface.datadictionary-C",
						"_impl": {
							"_mode": 1,
							"_keyType": "net.maxon.datatype.internedid",
							"_fastData": [
								"net.maxon.description.base.command",
								{
									"dataType": "net.maxon.datatype.id",
									"content": "command"
								},
								"net.maxon.description.base.identifier",
								{
									"dataType": "net.maxon.datatype.internedid",
									"content": "net.maxon.node.base.selectconnected"
								},
								"net.maxon.description.string.base.translatedstring",
								{
									"dataType": "net.maxon.interface.string-C",
									"content": "Select Connected"
								}
							]
						}
					},
					{
						"referenceDataType": "net.maxon.interface.datadictionary-C",
						"_impl": {
							"_mode": 1,
							"_keyType": "net.maxon.datatype.internedid",
							"_fastData": [
								"net.maxon.description.base.command",
								{
									"dataType": "net.maxon.datatype.id",
									"content": "command"
								},
								"net.maxon.description.base.identifier",
								{
									"dataType": "net.maxon.datatype.internedid",
									"content": "net.maxon.node.base.layoutselected"
								},
								"net.maxon.description.string.base.translatedstring",
								{
									"dataType": "net.maxon.interface.string-C",
									"content": "Layout Selected"
								}
							]
						}
					},
					{
						"referenceDataType": "net.maxon.interface.datadictionary-C",
						"_impl": {
							"_mode": 1,
							"_keyType": "net.maxon.datatype.internedid",
							"_fastData": [
								"net.maxon.description.base.command",
								{
									"dataType": "net.maxon.datatype.id",
									"content": "command"
								},
								"net.maxon.description.base.identifier",
								{
									"dataType": "net.maxon.datatype.internedid",
									"content": "net.maxon.node.base.copy"
								},
								"net.maxon.description.string.base.translatedstring",
								{
									"dataType": "net.maxon.interface.string-C",
									"content": "Copy"
								}
							]
						}
					},
					{
						"referenceDataType": "net.maxon.interface.datadictionary-C",
						"_impl": {
							"_mode": 1,
							"_keyType": "net.maxon.datatype.internedid",
							"_fastData": [
								"net.maxon.description.base.command",
								{
									"dataType": "net.maxon.datatype.id",
									"content": "command"
								},
								"net.maxon.description.base.identifier",
								{
									"dataType": "net.maxon.datatype.internedid",
									"content": "net.maxon.node.base.paste"
								},
								"net.maxon.description.string.base.translatedstring",
								{
									"dataType": "net.maxon.interface.string-C",
									"content": "Paste"
								}
							]
						}
					},
					{
						"referenceDataType": "net.maxon.interface.datadictionary-C",
						"_impl": {
							"_mode": 1,
							"_keyType": "net.maxon.datatype.internedid",
							"_fastData": [
								"net.maxon.description.base.command",
								{
									"dataType": "net.maxon.datatype.id",
									"content": "command"
								},
								"net.maxon.description.base.identifier",
								{
									"dataType": "net.maxon.datatype.internedid",
									"content": "net.maxon.node.base.cut"
								},
								"net.maxon.description.string.base.translatedstring",
								{
									"dataType": "net.maxon.interface.string-C",
									"content": "Cut"
								}
							]
						}
					},
					{
						"referenceDataType": "net.maxon.interface.datadictionary-C",
						"_impl": {
							"_mode": 1,
							"_keyType": "net.maxon.datatype.internedid",
							"_fastData": [
								"net.maxon.description.base.command",
								{
									"dataType": "net.maxon.datatype.id",
									"content": "command"
								},
								"net.maxon.description.base.identifier",
								{
									"dataType": "net.maxon.datatype.internedid",
									"content": "net.maxon.node.base.duplicate"
								},
								"net.maxon.description.string.base.translatedstring",
								{
									"dataType": "net.maxon.interface.string-C",
									"content": "Duplicate"
								}
							]
						}
					},
					{
						"referenceDataType": "net.maxon.interface.datadictionary-C",
						"_impl": {
							"_mode": 1,
							"_keyType": "net.maxon.datatype.internedid",
							"_fastData": [
								"net.maxon.description.base.command",
								{
									"dataType": "net.maxon.datatype.id",
									"content": "command"
								},
								"net.maxon.description.base.identifier",
								{
									"dataType": "net.maxon.datatype.internedid",
									"content": "net.maxon.node.base.creategroup"
								},
								"net.maxon.description.string.base.translatedstring",
								{
									"dataType": "net.maxon.interface.string-C",
									"content": "Group Nodes"
								}
							]
						}
					},
					{
						"referenceDataType": "net.maxon.interface.datadictionary-C",
						"_impl": {
							"_mode": 1,
							"_keyType": "net.maxon.datatype.internedid",
							"_fastData": [
								"net.maxon.description.base.command",
								{
									"dataType": "net.maxon.datatype.id",
									"content": "command"
								},
								"net.maxon.description.base.identifier",
								{
									"dataType": "net.maxon.datatype.internedid",
									"content": "net.maxon.node.base.disolvegroup"
								},
								"net.maxon.description.string.base.translatedstring",
								{
									"dataType": "net.maxon.interface.string-C",
									"content": "Ungroup Nodes"
								}
							]
						}
					},
					{
						"referenceDataType": "net.maxon.interface.datadictionary-C",
						"_impl": {
							"_mode": 1,
							"_keyType": "net.maxon.datatype.internedid",
							"_fastData": [
								"net.maxon.description.base.command",
								{
									"dataType": "net.maxon.datatype.id",
									"content": "command"
								},
								"net.maxon.description.base.identifier",
								{
									"dataType": "net.maxon.datatype.internedid",
									"content": "net.maxon.node.base.addallports"
								},
								"net.maxon.description.string.base.translatedstring",
								{
									"dataType": "net.maxon.interface.string-C",
									"content": "Add all ports"
								}
							]
						}
					},
					{
						"referenceDataType": "net.maxon.interface.datadictionary-C",
						"_impl": {
							"_mode": 1,
							"_keyType": "net.maxon.datatype.internedid",
							"_fastData": [
								"net.maxon.description.base.command",
								{
									"dataType": "net.maxon.datatype.id",
									"content": "command"
								},
								"net.maxon.description.base.identifier",
								{
									"dataType": "net.maxon.datatype.internedid",
									"content": "net.maxon.node.base.convertgrouptoasset"
								},
								"net.maxon.description.string.base.translatedstring",
								{
									"dataType": "net.maxon.interface.string-C",
									"content": "Create Asset..."
								}
							]
						}
					},
					{
						"referenceDataType": "net.maxon.interface.datadictionary-C",
						"_impl": {
							"_mode": 1,
							"_keyType": "net.maxon.datatype.internedid",
							"_fastData": [
								"net.maxon.description.base.command",
								{
									"dataType": "net.maxon.datatype.id",
									"content": "command"
								},
								"net.maxon.description.base.identifier",
								{
									"dataType": "net.maxon.datatype.internedid",
									"content": "net.maxon.node.base.convertassettogroup"
								},
								"net.maxon.description.string.base.translatedstring",
								{
									"dataType": "net.maxon.interface.string-C",
									"content": "Convert Asset To Group"
								}
							]
						}
					},
					{
						"referenceDataType": "net.maxon.interface.datadictionary-C",
						"_impl": {
							"_mode": 1,
							"_keyType": "net.maxon.datatype.internedid",
							"_fastData": [
								"net.maxon.description.base.command",
								{
									"dataType": "net.maxon.datatype.id",
									"content": "command"
								},
								"net.maxon.description.base.identifier",
								{
									"dataType": "net.maxon.datatype.internedid",
									"content": "net.maxon.node.base.lockgroup"
								},
								"net.maxon.description.string.base.translatedstring",
								{
									"dataType": "net.maxon.interface.string-C",
									"content": "Lock Group"
								}
							]
						}
					},
					{
						"referenceDataType": "net.maxon.interface.datadictionary-C",
						"_impl": {
							"_mode": 1,
							"_keyType": "net.maxon.datatype.internedid",
							"_fastData": [
								"net.maxon.description.base.command",
								{
									"dataType": "net.maxon.datatype.id",
									"content": "command"
								},
								"net.maxon.description.base.identifier",
								{
									"dataType": "net.maxon.datatype.internedid",
									"content": "net.maxon.node.base.lockgroupwithpassword"
								},
								"net.maxon.description.string.base.translatedstring",
								{
									"dataType": "net.maxon.interface.string-C",
									"content": "Lock Group (with Password)"
								}
							]
						}
					},
					{
						"referenceDataType": "net.maxon.interface.datadictionary-C",
						"_impl": {
							"_mode": 1,
							"_keyType": "net.maxon.datatype.internedid",
							"_fastData": [
								"net.maxon.description.base.command",
								{
									"dataType": "net.maxon.datatype.id",
									"content": "command"
								},
								"net.maxon.description.base.identifier",
								{
									"dataType": "net.maxon.datatype.internedid",
									"content": "net.maxon.node.base.unlockgroup"
								},
								"net.maxon.description.string.base.translatedstring",
								{
									"dataType": "net.maxon.interface.string-C",
									"content": "Unlock Group"
								}
							]
						}
					},
					{
						"referenceDataType": "net.maxon.interface.datadictionary-C",
						"_impl": {
							"_mode": 1,
							"_keyType": "net.maxon.datatype.internedid",
							"_fastData": [
								"net.maxon.description.base.command",
								{
									"dataType": "net.maxon.datatype.id",
									"content": "command"
								},
								"net.maxon.description.base.identifier",
								{
									"dataType": "net.maxon.datatype.internedid",
									"content": "net.maxon.node.base.editport"
								},
								"net.maxon.description.string.base.translatedstring",
								{
									"dataType": "net.maxon.interface.string-C",
									"content": "Edit Port..."
								}
							]
						}
					},
					{
						"referenceDataType": "net.maxon.interface.datadictionary-C",
						"_impl": {
							"_mode": 1,
							"_keyType": "net.maxon.datatype.internedid",
							"_fastData": [
								"net.maxon.description.base.command",
								{
									"dataType": "net.maxon.datatype.id",
									"content": "command"
								},
								"net.maxon.description.base.identifier",
								{
									"dataType": "net.maxon.datatype.internedid",
									"content": "net.maxon.node.base.editdescription"
								},
								"net.maxon.description.string.base.translatedstring",
								{
									"dataType": "net.maxon.interface.string-C",
									"content": "Edit Resource..."
								}
							]
						}
					},
					{
						"referenceDataType": "net.maxon.interface.datadictionary-C",
						"_impl": {
							"_mode": 1,
							"_keyType": "net.maxon.datatype.internedid",
							"_fastData": [
								"net.maxon.description.base.command",
								{
									"dataType": "net.maxon.datatype.id",
									"content": "command"
								},
								"net.maxon.description.base.identifier",
								{
									"dataType": "net.maxon.datatype.internedid",
									"content": "net.maxon.node.base.editasset"
								},
								"net.maxon.description.string.base.translatedstring",
								{
									"dataType": "net.maxon.interface.string-C",
									"content": "Edit Asset..."
								}
							]
						}
					},
					{
						"referenceDataType": "net.maxon.interface.datadictionary-C",
						"_impl": {
							"_mode": 1,
							"_keyType": "net.maxon.datatype.internedid",
							"_fastData": [
								"net.maxon.description.base.command",
								{
									"dataType": "net.maxon.datatype.id",
									"content": "command"
								},
								"net.maxon.description.base.identifier",
								{
									"dataType": "net.maxon.datatype.internedid",
									"content": "net.maxon.node.base.writegml"
								},
								"net.maxon.description.string.base.translatedstring",
								{
									"dataType": "net.maxon.interface.string-C",
									"content": "Write GML ..."
								}
							]
						}
					},
					{
						"referenceDataType": "net.maxon.interface.datadictionary-C",
						"_impl": {
							"_mode": 1,
							"_keyType": "net.maxon.datatype.internedid",
							"_fastData": [
								"net.maxon.description.base.command",
								{
									"dataType": "net.maxon.datatype.id",
									"content": "command"
								},
								"net.maxon.description.base.identifier",
								{
									"dataType": "net.maxon.datatype.internedid",
									"content": "net.maxon.node.base.writegmlfiltered"
								},
								"net.maxon.description.string.base.translatedstring",
								{
									"dataType": "net.maxon.interface.string-C",
									"content": "Write GML (Filtered)..."
								}
							]
						}
					},
					{
						"referenceDataType": "net.maxon.interface.datadictionary-C",
						"_impl": {
							"_mode": 1,
							"_keyType": "net.maxon.datatype.internedid",
							"_fastData": [
								"net.maxon.description.base.command",
								{
									"dataType": "net.maxon.datatype.id",
									"content": "command"
								},
								"net.maxon.description.base.identifier",
								{
									"dataType": "net.maxon.datatype.internedid",
									"content": "net.maxon.node.base.writegmlcore"
								},
								"net.maxon.description.string.base.translatedstring",
								{
									"dataType": "net.maxon.interface.string-C",
									"content": "Write GML (Core)..."
								}
							]
						}
					},
					{
						"referenceDataType": "net.maxon.interface.datadictionary-C",
						"_impl": {
							"_mode": 1,
							"_keyType": "net.maxon.datatype.internedid",
							"_fastData": [
								"net.maxon.description.base.command",
								{
									"dataType": "net.maxon.datatype.id",
									"content": "command"
								},
								"net.maxon.description.base.identifier",
								{
									"dataType": "net.maxon.datatype.internedid",
									"content": "net.maxon.node.base.writegmlblock"
								},
								"net.maxon.description.string.base.translatedstring",
								{
									"dataType": "net.maxon.interface.string-C",
									"content": "Write GML (Block)..."
								}
							]
						}
					},
					{
						"referenceDataType": "net.maxon.interface.datadictionary-C",
						"_impl": {
							"_mode": 1,
							"_keyType": "net.maxon.datatype.internedid",
							"_fastData": [
								"net.maxon.description.base.command",
								{
									"dataType": "net.maxon.datatype.id",
									"content": "exportedstring"
								},
								"net.maxon.description.base.identifier",
								{
									"dataType": "net.maxon.datatype.internedid",
									"content": "net.maxon.object.base.name"
								},
								"net.maxon.description.string.base.translatedstring",
								{
									"dataType": "net.maxon.interface.string-C",
									"content": "<<unknown>>"
								}
							]
						}
					},
					{
						"referenceDataType": "net.maxon.interface.datadictionary-C",
						"_impl": {
							"_mode": 1,
							"_keyType": "net.maxon.datatype.internedid",
							"_fastData": [
								"net.maxon.description.base.command",
								{
									"dataType": "net.maxon.datatype.id",
									"content": "exportedstring"
								},
								"net.maxon.description.base.identifier",
								{
									"dataType": "net.maxon.datatype.internedid",
									"content": "net.maxon.node.base.strings.propagated"
								},
								"net.maxon.description.string.base.translatedstring",
								{
									"dataType": "net.maxon.interface.string-C",
									"content": "<<Propagated>>"
								}
							]
						}
					},
					{
						"referenceDataType": "net.maxon.interface.datadictionary-C",
						"_impl": {
							"_mode": 1,
							"_keyType": "net.maxon.datatype.internedid",
							"_fastData": [
								"net.maxon.description.base.command",
								{
									"dataType": "net.maxon.datatype.id",
									"content": "exportedstring"
								},
								"net.maxon.description.base.identifier",
								{
									"dataType": "net.maxon.datatype.internedid",
									"content": "net.maxon.node.base.strings.nocompatiblenodesfound"
								},
								"net.maxon.description.string.base.translatedstring",
								{
									"dataType": "net.maxon.interface.string-C",
									"content": "<<No compatible Nodes found>>"
								}
							]
						}
					},
					{
						"referenceDataType": "net.maxon.interface.datadictionary-C",
						"_impl": {
							"_mode": 1,
							"_keyType": "net.maxon.datatype.internedid",
							"_fastData": [
								"net.maxon.description.base.command",
								{
									"dataType": "net.maxon.datatype.id",
									"content": "exportedstring"
								},
								"net.maxon.description.base.identifier",
								{
									"dataType": "net.maxon.datatype.internedid",
									"content": "net.maxon.node.base.strings.noportstoadd"
								},
								"net.maxon.description.string.base.translatedstring",
								{
									"dataType": "net.maxon.interface.string-C",
									"content": "No Ports to Add"
								}
							]
						}
					},
					{
						"referenceDataType": "net.maxon.interface.datadictionary-C",
						"_impl": {
							"_mode": 1,
							"_keyType": "net.maxon.datatype.internedid",
							"_fastData": [
								"net.maxon.description.base.command",
								{
									"dataType": "net.maxon.datatype.id",
									"content": "exportedstring"
								},
								"net.maxon.description.base.identifier",
								{
									"dataType": "net.maxon.datatype.internedid",
									"content": "net.maxon.node.base.strings.addinput"
								},
								"net.maxon.description.string.base.translatedstring",
								{
									"dataType": "net.maxon.interface.string-C",
									"content": "Add Input"
								}
							]
						}
					},
					{
						"referenceDataType": "net.maxon.interface.datadictionary-C",
						"_impl": {
							"_mode": 1,
							"_keyType": "net.maxon.datatype.internedid",
							"_fastData": [
								"net.maxon.description.base.command",
								{
									"dataType": "net.maxon.datatype.id",
									"content": "exportedstring"
								},
								"net.maxon.description.base.identifier",
								{
									"dataType": "net.maxon.datatype.internedid",
									"content": "net.maxon.node.base.strings.addoutput"
								},
								"net.maxon.description.string.base.translatedstring",
								{
									"dataType": "net.maxon.interface.string-C",
									"content": "Add Output"
								}
							]
						}
					},
					{
						"referenceDataType": "net.maxon.interface.datadictionary-C",
						"_impl": {
							"_mode": 1,
							"_keyType": "net.maxon.datatype.internedid",
							"_fastData": [
								"net.maxon.description.base.command",
								{
									"dataType": "net.maxon.datatype.id",
									"content": "exportedstring"
								},
								"net.maxon.description.base.identifier",
								{
									"dataType": "net.maxon.datatype.internedid",
									"content": "net.maxon.node.base.notexturesfound"
								},
								"net.maxon.description.string.base.translatedstring",
								{
									"dataType": "net.maxon.interface.string-C",
									"content": "<<No textures referenced in scene>>"
								}
							]
						}
					},
					{
						"referenceDataType": "net.maxon.interface.datadictionary-C",
						"_impl": {
							"_mode": 1,
							"_keyType": "net.maxon.datatype.internedid",
							"_fastData": [
								"net.maxon.description.base.command",
								{
									"dataType": "net.maxon.datatype.id",
									"content": "exportedstring"
								},
								"net.maxon.description.base.identifier",
								{
									"dataType": "net.maxon.datatype.internedid",
									"content": "net.maxon.node.base.strings.all"
								},
								"net.maxon.description.string.base.translatedstring",
								{
									"dataType": "net.maxon.interface.string-C",
									"content": "All"
								}
							]
						}
					},
					{
						"referenceDataType": "net.maxon.interface.datadictionary-C",
						"_impl": {
							"_mode": 1,
							"_keyType": "net.maxon.datatype.internedid",
							"_fastData": [
								"net.maxon.description.base.command",
								{
									"dataType": "net.maxon.datatype.id",
									"content": "exportedstring"
								},
								"net.maxon.description.base.identifier",
								{
									"dataType": "net.maxon.datatype.internedid",
									"content": "net.maxon.node.base.strings.port"
								},
								"net.maxon.description.string.base.translatedstring",
								{
									"dataType": "net.maxon.interface.string-C",
									"content": "Port"
								}
							]
						}
					},
					{
						"referenceDataType": "net.maxon.interface.datadictionary-C",
						"_impl": {
							"_mode": 1,
							"_keyType": "net.maxon.datatype.internedid",
							"_fastData": [
								"net.maxon.description.base.command",
								{
									"dataType": "net.maxon.datatype.id",
									"content": "exportedstring"
								},
								"net.maxon.description.base.identifier",
								{
									"dataType": "net.maxon.datatype.internedid",
									"content": "net.maxon.node.base.strings.addinport"
								},
								"net.maxon.description.string.base.translatedstring",
								{
									"dataType": "net.maxon.interface.string-C",
									"content": "Add Inport"
								}
							]
						}
					},
					{
						"referenceDataType": "net.maxon.interface.datadictionary-C",
						"_impl": {
							"_mode": 1,
							"_keyType": "net.maxon.datatype.internedid",
							"_fastData": [
								"net.maxon.description.base.command",
								{
									"dataType": "net.maxon.datatype.id",
									"content": "exportedstring"
								},
								"net.maxon.description.base.identifier",
								{
									"dataType": "net.maxon.datatype.internedid",
									"content": "net.maxon.node.base.strings.addoutport"
								},
								"net.maxon.description.string.base.translatedstring",
								{
									"dataType": "net.maxon.interface.string-C",
									"content": "Add Outport"
								}
							]
						}
					}
				]
			},
			"net.maxon.node.group",
			{
				"referenceClassType": "net.maxon.class.datadescriptiondefinition",
				"_info": {
					"referenceDataType": "net.maxon.interface.datadictionary-C",
					"_impl": {
						"_mode": 1,
						"_keyType": "net.maxon.datatype.internedid",
						"_fastData": []
					}
				},
				"_description": [
					{
						"referenceDataType": "net.maxon.interface.datadictionary-C",
						"_impl": {
							"_mode": 1,
							"_keyType": "net.maxon.datatype.internedid",
							"_fastData": [
								"net.maxon.description.base.command",
								{
									"dataType": "net.maxon.datatype.id",
									"content": "include"
								},
								"net.maxon.description.base.identifier",
								{
									"dataType": "net.maxon.datatype.internedid",
									"content": "net.maxon.node.base"
								},
								"net.maxon.description.data.base.generateignoreheader",
								{
									"dataType": "bool",
									"content": true
								},
								"net.maxon.description.data.base.include",
								{
									"dataType": "net.maxon.datatype.id",
									"content": "net.maxon.node.base"
								}
							]
						}
					},
					{
						"referenceDataType": "net.maxon.interface.datadictionary-C",
						"_impl": {
							"_mode": 1,
							"_keyType": "net.maxon.datatype.internedid",
							"_fastData": [
								"net.maxon.description.base.command",
								{
									"dataType": "net.maxon.datatype.id",
									"content": "exportedstring"
								},
								"net.maxon.description.base.identifier",
								{
									"dataType": "net.maxon.datatype.internedid",
									"content": "net.maxon.object.base.name"
								},
								"net.maxon.description.string.base.translatedstring",
								{
									"dataType": "net.maxon.interface.string-C",
									"content": "Group"
								}
							]
						}
					}
				]
			},
			"net.maxon.node.groupports",
			{
				"referenceClassType": "net.maxon.class.datadescriptiondefinition",
				"_info": {
					"referenceDataType": "net.maxon.interface.datadictionary-C",
					"_impl": {
						"_mode": 1,
						"_keyType": "net.maxon.datatype.internedid",
						"_fastData": []
					}
				},
				"_description": [
					{
						"referenceDataType": "net.maxon.interface.datadictionary-C",
						"_impl": {
							"_mode": 1,
							"_keyType": "net.maxon.datatype.internedid",
							"_fastData": [
								"net.maxon.description.base.command",
								{
									"dataType": "net.maxon.datatype.id",
									"content": "include"
								},
								"net.maxon.description.base.identifier",
								{
									"dataType": "net.maxon.datatype.internedid",
									"content": "net.maxon.node.group"
								},
								"net.maxon.description.data.base.generateignoreheader",
								{
									"dataType": "bool",
									"content": true
								},
								"net.maxon.description.data.base.include",
								{
									"dataType": "net.maxon.datatype.id",
									"content": "net.maxon.node.group"
								}
							]
						}
					},
					{
						"referenceDataType": "net.maxon.interface.datadictionary-C",
						"_impl": {
							"_mode": 1,
							"_keyType": "net.maxon.datatype.internedid",
							"_fastData": [
								"net.maxon.description.base.command",
								{
									"dataType": "net.maxon.datatype.id",
									"content": "attribute"
								},
								"net.maxon.description.base.identifier",
								{
									"dataType": "net.maxon.datatype.internedid",
									"content": "net.maxon.node.groupports.defaultinport"
								},
								"net.maxon.description.string.base.translatedstring",
								{
									"dataType": "net.maxon.interface.string-C",
									"content": "Input"
								}
							]
						}
					},
					{
						"referenceDataType": "net.maxon.interface.datadictionary-C",
						"_impl": {
							"_mode": 1,
							"_keyType": "net.maxon.datatype.internedid",
							"_fastData": [
								"net.maxon.description.base.command",
								{
									"dataType": "net.maxon.datatype.id",
									"content": "attribute"
								},
								"net.maxon.description.base.identifier",
								{
									"dataType": "net.maxon.datatype.internedid",
									"content": "net.maxon.node.groupports.defaultoutport"
								},
								"net.maxon.description.string.base.translatedstring",
								{
									"dataType": "net.maxon.interface.string-C",
									"content": "Output"
								}
							]
						}
					},
					{
						"referenceDataType": "net.maxon.interface.datadictionary-C",
						"_impl": {
							"_mode": 1,
							"_keyType": "net.maxon.datatype.internedid",
							"_fastData": [
								"net.maxon.description.base.command",
								{
									"dataType": "net.maxon.datatype.id",
									"content": "exportedstring"
								},
								"net.maxon.description.base.identifier",
								{
									"dataType": "net.maxon.datatype.internedid",
									"content": "net.maxon.object.base.name"
								},
								"net.maxon.description.string.base.translatedstring",
								{
									"dataType": "net.maxon.interface.string-C",
									"content": "Group (Default Ports)"
								}
							]
						}
					}
				]
			},
			"net.maxon.node.groupwithports",
			{
				"referenceClassType": "net.maxon.class.datadescriptiondefinition",
				"_info": {
					"referenceDataType": "net.maxon.interface.datadictionary-C",
					"_impl": {
						"_mode": 1,
						"_keyType": "net.maxon.datatype.internedid",
						"_fastData": []
					}
				},
				"_description": [
					{
						"referenceDataType": "net.maxon.interface.datadictionary-C",
						"_impl": {
							"_mode": 1,
							"_keyType": "net.maxon.datatype.internedid",
							"_fastData": [
								"net.maxon.description.base.command",
								{
									"dataType": "net.maxon.datatype.id",
									"content": "include"
								},
								"net.maxon.description.base.identifier",
								{
									"dataType": "net.maxon.datatype.internedid",
									"content": "net.maxon.node.group"
								},
								"net.maxon.description.data.base.generateignoreheader",
								{
									"dataType": "bool",
									"content": true
								},
								"net.maxon.description.data.base.include",
								{
									"dataType": "net.maxon.datatype.id",
									"content": "net.maxon.node.group"
								}
							]
						}
					},
					{
						"referenceDataType": "net.maxon.interface.datadictionary-C",
						"_impl": {
							"_mode": 1,
							"_keyType": "net.maxon.datatype.internedid",
							"_fastData": [
								"net.maxon.description.base.command",
								{
									"dataType": "net.maxon.datatype.id",
									"content": "attribute"
								},
								"net.maxon.description.base.identifier",
								{
									"dataType": "net.maxon.datatype.internedid",
									"content": "net.maxon.node.groupwithports.input"
								},
								"net.maxon.description.string.base.translatedstring",
								{
									"dataType": "net.maxon.interface.string-C",
									"content": "Input"
								}
							]
						}
					},
					{
						"referenceDataType": "net.maxon.interface.datadictionary-C",
						"_impl": {
							"_mode": 1,
							"_keyType": "net.maxon.datatype.internedid",
							"_fastData": [
								"net.maxon.description.base.command",
								{
									"dataType": "net.maxon.datatype.id",
									"content": "attribute"
								},
								"net.maxon.description.base.identifier",
								{
									"dataType": "net.maxon.datatype.internedid",
									"content": "net.maxon.node.groupwithports.output"
								},
								"net.maxon.description.string.base.translatedstring",
								{
									"dataType": "net.maxon.interface.string-C",
									"content": "Output"
								}
							]
						}
					},
					{
						"referenceDataType": "net.maxon.interface.datadictionary-C",
						"_impl": {
							"_mode": 1,
							"_keyType": "net.maxon.datatype.internedid",
							"_fastData": [
								"net.maxon.description.base.command",
								{
									"dataType": "net.maxon.datatype.id",
									"content": "exportedstring"
								},
								"net.maxon.description.base.identifier",
								{
									"dataType": "net.maxon.datatype.internedid",
									"content": "net.maxon.object.base.name"
								},
								"net.maxon.description.string.base.translatedstring",
								{
									"dataType": "net.maxon.interface.string-C",
									"content": "Group (with Ports)"
								}
							]
						}
					}
				]
			},
			"net.maxon.node.portbundle.splineknot",
			{
				"referenceClassType": "net.maxon.class.datadescriptiondefinition",
				"_info": {
					"referenceDataType": "net.maxon.interface.datadictionary-C",
					"_impl": {
						"_mode": 1,
						"_keyType": "net.maxon.datatype.internedid",
						"_fastData": []
					}
				},
				"_description": [
					{
						"referenceDataType": "net.maxon.interface.datadictionary-C",
						"_impl": {
							"_mode": 1,
							"_keyType": "net.maxon.datatype.internedid",
							"_fastData": [
								"net.maxon.description.base.command",
								{
									"dataType": "net.maxon.datatype.id",
									"content": "include"
								},
								"net.maxon.description.base.identifier",
								{
									"dataType": "net.maxon.datatype.internedid",
									"content": "net.maxon.object.base"
								},
								"net.maxon.description.data.base.generateignoreheader",
								{
									"dataType": "bool",
									"content": true
								},
								"net.maxon.description.data.base.include",
								{
									"dataType": "net.maxon.datatype.id",
									"content": "net.maxon.object.base"
								}
							]
						}
					},
					{
						"referenceDataType": "net.maxon.interface.datadictionary-C",
						"_impl": {
							"_mode": 1,
							"_keyType": "net.maxon.datatype.internedid",
							"_fastData": [
								"net.maxon.description.base.command",
								{
									"dataType": "net.maxon.datatype.id",
									"content": "attribute"
								},
								"net.maxon.description.base.identifier",
								{
									"dataType": "net.maxon.datatype.internedid",
									"content": "net.maxon.node.portbundle.splineknot.pos"
								},
								"net.maxon.description.string.base.translatedstring",
								{
									"dataType": "net.maxon.interface.string-C",
									"content": "Position"
								}
							]
						}
					},
					{
						"referenceDataType": "net.maxon.interface.datadictionary-C",
						"_impl": {
							"_mode": 1,
							"_keyType": "net.maxon.datatype.internedid",
							"_fastData": [
								"net.maxon.description.base.command",
								{
									"dataType": "net.maxon.datatype.id",
									"content": "attribute"
								},
								"net.maxon.description.base.identifier",
								{
									"dataType": "net.maxon.datatype.internedid",
									"content": "net.maxon.node.portbundle.splineknot.lockx"
								},
								"net.maxon.description.string.base.translatedstring",
								{
									"dataType": "net.maxon.interface.string-C",
									"content": "Lock X"
								}
							]
						}
					},
					{
						"referenceDataType": "net.maxon.interface.datadictionary-C",
						"_impl": {
							"_mode": 1,
							"_keyType": "net.maxon.datatype.internedid",
							"_fastData": [
								"net.maxon.description.base.command",
								{
									"dataType": "net.maxon.datatype.id",
									"content": "attribute"
								},
								"net.maxon.description.base.identifier",
								{
									"dataType": "net.maxon.datatype.internedid",
									"content": "net.maxon.node.portbundle.splineknot.locky"
								},
								"net.maxon.description.string.base.translatedstring",
								{
									"dataType": "net.maxon.interface.string-C",
									"content": "Lock Y"
								}
							]
						}
					},
					{
						"referenceDataType": "net.maxon.interface.datadictionary-C",
						"_impl": {
							"_mode": 1,
							"_keyType": "net.maxon.datatype.internedid",
							"_fastData": [
								"net.maxon.description.base.command",
								{
									"dataType": "net.maxon.datatype.id",
									"content": "attribute"
								},
								"net.maxon.description.base.identifier",
								{
									"dataType": "net.maxon.datatype.internedid",
									"content": "net.maxon.node.portbundle.splineknot.interpolation"
								},
								"net.maxon.description.string.base.translatedstring",
								{
									"dataType": "net.maxon.interface.string-C",
									"content": "Interpolation"
								}
							]
						}
					},
					{
						"referenceDataType": "net.maxon.interface.datadictionary-C",
						"_impl": {
							"_mode": 1,
							"_keyType": "net.maxon.datatype.internedid",
							"_fastData": [
								"net.maxon.description.base.command",
								{
									"dataType": "net.maxon.datatype.id",
									"content": "string"
								},
								"net.maxon.description.base.identifier",
								{
									"dataType": "net.maxon.datatype.internedid",
									"content": "net.maxon.node.portbundle.splineknot.interpolation.enum.bezier"
								},
								"net.maxon.description.string.base.translatedstring",
								{
									"dataType": "net.maxon.interface.string-C",
									"content": "Bezier"
								}
							]
						}
					},
					{
						"referenceDataType": "net.maxon.interface.datadictionary-C",
						"_impl": {
							"_mode": 1,
							"_keyType": "net.maxon.datatype.internedid",
							"_fastData": [
								"net.maxon.description.base.command",
								{
									"dataType": "net.maxon.datatype.id",
									"content": "string"
								},
								"net.maxon.description.base.identifier",
								{
									"dataType": "net.maxon.datatype.internedid",
									"content": "net.maxon.node.portbundle.splineknot.interpolation.enum.linear"
								},
								"net.maxon.description.string.base.translatedstring",
								{
									"dataType": "net.maxon.interface.string-C",
									"content": "Linear"
								}
							]
						}
					},
					{
						"referenceDataType": "net.maxon.interface.datadictionary-C",
						"_impl": {
							"_mode": 1,
							"_keyType": "net.maxon.datatype.internedid",
							"_fastData": [
								"net.maxon.description.base.command",
								{
									"dataType": "net.maxon.datatype.id",
									"content": "string"
								},
								"net.maxon.description.base.identifier",
								{
									"dataType": "net.maxon.datatype.internedid",
									"content": "net.maxon.node.portbundle.splineknot.interpolation.enum.cubic"
								},
								"net.maxon.description.string.base.translatedstring",
								{
									"dataType": "net.maxon.interface.string-C",
									"content": "Cubic"
								}
							]
						}
					},
					{
						"referenceDataType": "net.maxon.interface.datadictionary-C",
						"_impl": {
							"_mode": 1,
							"_keyType": "net.maxon.datatype.internedid",
							"_fastData": [
								"net.maxon.description.base.command",
								{
									"dataType": "net.maxon.datatype.id",
									"content": "attribute"
								},
								"net.maxon.description.base.identifier",
								{
									"dataType": "net.maxon.datatype.internedid",
									"content": "net.maxon.node.portbundle.splineknot.tangentleft"
								},
								"net.maxon.description.string.base.translatedstring",
								{
									"dataType": "net.maxon.interface.string-C",
									"content": "Left Tangent"
								}
							]
						}
					},
					{
						"referenceDataType": "net.maxon.interface.datadictionary-C",
						"_impl": {
							"_mode": 1,
							"_keyType": "net.maxon.datatype.internedid",
							"_fastData": [
								"net.maxon.description.base.command",
								{
									"dataType": "net.maxon.datatype.id",
									"content": "attribute"
								},
								"net.maxon.description.base.identifier",
								{
									"dataType": "net.maxon.datatype.internedid",
									"content": "net.maxon.node.portbundle.splineknot.tangentright"
								},
								"net.maxon.description.string.base.translatedstring",
								{
									"dataType": "net.maxon.interface.string-C",
									"content": "Right Tangent"
								}
							]
						}
					},
					{
						"referenceDataType": "net.maxon.interface.datadictionary-C",
						"_impl": {
							"_mode": 1,
							"_keyType": "net.maxon.datatype.internedid",
							"_fastData": [
								"net.maxon.description.base.command",
								{
									"dataType": "net.maxon.datatype.id",
									"content": "attribute"
								},
								"net.maxon.description.base.identifier",
								{
									"dataType": "net.maxon.datatype.internedid",
									"content": "net.maxon.node.portbundle.splineknot.break"
								},
								"net.maxon.description.string.base.translatedstring",
								{
									"dataType": "net.maxon.interface.string-C",
									"content": "Break Tangent"
								}
							]
						}
					},
					{
						"referenceDataType": "net.maxon.interface.datadictionary-C",
						"_impl": {
							"_mode": 1,
							"_keyType": "net.maxon.datatype.internedid",
							"_fastData": [
								"net.maxon.description.base.command",
								{
									"dataType": "net.maxon.datatype.id",
									"content": "attribute"
								},
								"net.maxon.description.base.identifier",
								{
									"dataType": "net.maxon.datatype.internedid",
									"content": "net.maxon.node.portbundle.splineknot.lockangle"
								},
								"net.maxon.description.string.base.translatedstring",
								{
									"dataType": "net.maxon.interface.string-C",
									"content": "Lock Angle"
								}
							]
						}
					},
					{
						"referenceDataType": "net.maxon.interface.datadictionary-C",
						"_impl": {
							"_mode": 1,
							"_keyType": "net.maxon.datatype.internedid",
							"_fastData": [
								"net.maxon.description.base.command",
								{
									"dataType": "net.maxon.datatype.id",
									"content": "attribute"
								},
								"net.maxon.description.base.identifier",
								{
									"dataType": "net.maxon.datatype.internedid",
									"content": "net.maxon.node.portbundle.splineknot.locklength"
								},
								"net.maxon.description.string.base.translatedstring",
								{
									"dataType": "net.maxon.interface.string-C",
									"content": "Lock Length"
								}
							]
						}
					},
					{
						"referenceDataType": "net.maxon.interface.datadictionary-C",
						"_impl": {
							"_mode": 1,
							"_keyType": "net.maxon.datatype.internedid",
							"_fastData": [
								"net.maxon.description.base.command",
								{
									"dataType": "net.maxon.datatype.id",
									"content": "attribute"
								},
								"net.maxon.description.base.identifier",
								{
									"dataType": "net.maxon.datatype.internedid",
									"content": "net.maxon.node.portbundle.splineknot.keepvisualangle"
								},
								"net.maxon.description.string.base.translatedstring",
								{
									"dataType": "net.maxon.interface.string-C",
									"content": "Keep Visual Angle"
								}
							]
						}
					},
					{
						"referenceDataType": "net.maxon.interface.datadictionary-C",
						"_impl": {
							"_mode": 1,
							"_keyType": "net.maxon.datatype.internedid",
							"_fastData": [
								"net.maxon.description.base.command",
								{
									"dataType": "net.maxon.datatype.id",
									"content": "exportedstring"
								},
								"net.maxon.description.base.identifier",
								{
									"dataType": "net.maxon.datatype.internedid",
									"content": "net.maxon.object.base.name"
								},
								"net.maxon.description.string.base.translatedstring",
								{
									"dataType": "net.maxon.interface.string-C",
									"content": "Point"
								}
							]
						}
					}
				]
			},
			"net.maxon.node.splinemapper",
			{
				"referenceClassType": "net.maxon.class.datadescriptiondefinition",
				"_info": {
					"referenceDataType": "net.maxon.interface.datadictionary-C",
					"_impl": {
						"_mode": 1,
						"_keyType": "net.maxon.datatype.internedid",
						"_fastData": []
					}
				},
				"_description": [
					{
						"referenceDataType": "net.maxon.interface.datadictionary-C",
						"_impl": {
							"_mode": 1,
							"_keyType": "net.maxon.datatype.internedid",
							"_fastData": [
								"net.maxon.description.base.command",
								{
									"dataType": "net.maxon.datatype.id",
									"content": "include"
								},
								"net.maxon.description.base.identifier",
								{
									"dataType": "net.maxon.datatype.internedid",
									"content": "net.maxon.node.base"
								},
								"net.maxon.description.data.base.generateignoreheader",
								{
									"dataType": "bool",
									"content": true
								},
								"net.maxon.description.data.base.include",
								{
									"dataType": "net.maxon.datatype.id",
									"content": "net.maxon.node.base"
								}
							]
						}
					},
					{
						"referenceDataType": "net.maxon.interface.datadictionary-C",
						"_impl": {
							"_mode": 1,
							"_keyType": "net.maxon.datatype.internedid",
							"_fastData": [
								"net.maxon.description.base.command",
								{
									"dataType": "net.maxon.datatype.id",
									"content": "attribute"
								},
								"net.maxon.description.base.identifier",
								{
									"dataType": "net.maxon.datatype.internedid",
									"content": "input"
								},
								"net.maxon.description.string.base.translatedstring",
								{
									"dataType": "net.maxon.interface.string-C",
									"content": "Input"
								}
							]
						}
					},
					{
						"referenceDataType": "net.maxon.interface.datadictionary-C",
						"_impl": {
							"_mode": 1,
							"_keyType": "net.maxon.datatype.internedid",
							"_fastData": [
								"net.maxon.description.base.command",
								{
									"dataType": "net.maxon.datatype.id",
									"content": "attribute"
								},
								"net.maxon.description.base.identifier",
								{
									"dataType": "net.maxon.datatype.internedid",
									"content": "spline"
								},
								"net.maxon.description.string.base.translatedstring",
								{
									"dataType": "net.maxon.interface.string-C",
									"content": "Spline"
								}
							]
						}
					},
					{
						"referenceDataType": "net.maxon.interface.datadictionary-C",
						"_impl": {
							"_mode": 1,
							"_keyType": "net.maxon.datatype.internedid",
							"_fastData": [
								"net.maxon.description.base.command",
								{
									"dataType": "net.maxon.datatype.id",
									"content": "string"
								},
								"net.maxon.description.base.identifier",
								{
									"dataType": "net.maxon.datatype.internedid",
									"content": "spline.command.addvariadicport"
								},
								"net.maxon.description.string.base.translatedstring",
								{
									"dataType": "net.maxon.interface.string-C",
									"content": "Add Spline Point"
								}
							]
						}
					},
					{
						"referenceDataType": "net.maxon.interface.datadictionary-C",
						"_impl": {
							"_mode": 1,
							"_keyType": "net.maxon.datatype.internedid",
							"_fastData": [
								"net.maxon.description.base.command",
								{
									"dataType": "net.maxon.datatype.id",
									"content": "attribute"
								},
								"net.maxon.description.base.identifier",
								{
									"dataType": "net.maxon.datatype.internedid",
									"content": "output"
								},
								"net.maxon.description.string.base.translatedstring",
								{
									"dataType": "net.maxon.interface.string-C",
									"content": "Output"
								}
							]
						}
					},
					{
						"referenceDataType": "net.maxon.interface.datadictionary-C",
						"_impl": {
							"_mode": 1,
							"_keyType": "net.maxon.datatype.internedid",
							"_fastData": [
								"net.maxon.description.base.command",
								{
									"dataType": "net.maxon.datatype.id",
									"content": "exportedstring"
								},
								"net.maxon.description.base.identifier",
								{
									"dataType": "net.maxon.datatype.internedid",
									"content": "net.maxon.object.base.name"
								},
								"net.maxon.description.string.base.translatedstring",
								{
									"dataType": "net.maxon.interface.string-C",
									"content": "Spline Mapper"
								}
							]
						}
					},
					{
						"referenceDataType": "net.maxon.interface.datadictionary-C",
						"_impl": {
							"_mode": 1,
							"_keyType": "net.maxon.datatype.internedid",
							"_fastData": [
								"net.maxon.description.base.command",
								{
									"dataType": "net.maxon.datatype.id",
									"content": "string"
								},
								"net.maxon.description.base.identifier",
								{
									"dataType": "net.maxon.datatype.internedid",
									"content": "spline.command.removevariadicport"
								},
								"net.maxon.description.string.base.translatedstring",
								{
									"dataType": "net.maxon.interface.string-C",
									"content": "Remove Spline Point"
								}
							]
						}
					}
				]
			},
			"net.maxon.node.strength",
			{
				"referenceClassType": "net.maxon.class.datadescriptiondefinition",
				"_info": {
					"referenceDataType": "net.maxon.interface.datadictionary-C",
					"_impl": {
						"_mode": 1,
						"_keyType": "net.maxon.datatype.internedid",
						"_fastData": []
					}
				},
				"_description": [
					{
						"referenceDataType": "net.maxon.interface.datadictionary-C",
						"_impl": {
							"_mode": 1,
							"_keyType": "net.maxon.datatype.internedid",
							"_fastData": [
								"net.maxon.description.base.command",
								{
									"dataType": "net.maxon.datatype.id",
									"content": "include"
								},
								"net.maxon.description.base.identifier",
								{
									"dataType": "net.maxon.datatype.internedid",
									"content": "net.maxon.node.base"
								},
								"net.maxon.description.data.base.generateignoreheader",
								{
									"dataType": "bool",
									"content": true
								},
								"net.maxon.description.data.base.include",
								{
									"dataType": "net.maxon.datatype.id",
									"content": "net.maxon.node.base"
								}
							]
						}
					},
					{
						"referenceDataType": "net.maxon.interface.datadictionary-C",
						"_impl": {
							"_mode": 1,
							"_keyType": "net.maxon.datatype.internedid",
							"_fastData": [
								"net.maxon.description.base.command",
								{
									"dataType": "net.maxon.datatype.id",
									"content": "attribute"
								},
								"net.maxon.description.base.identifier",
								{
									"dataType": "net.maxon.datatype.internedid",
									"content": "input"
								},
								"net.maxon.description.string.base.translatedstring",
								{
									"dataType": "net.maxon.interface.string-C",
									"content": "Input"
								}
							]
						}
					},
					{
						"referenceDataType": "net.maxon.interface.datadictionary-C",
						"_impl": {
							"_mode": 1,
							"_keyType": "net.maxon.datatype.internedid",
							"_fastData": [
								"net.maxon.description.base.command",
								{
									"dataType": "net.maxon.datatype.id",
									"content": "attribute"
								},
								"net.maxon.description.base.identifier",
								{
									"dataType": "net.maxon.datatype.internedid",
									"content": "output"
								},
								"net.maxon.description.string.base.translatedstring",
								{
									"dataType": "net.maxon.interface.string-C",
									"content": "Result"
								}
							]
						}
					},
					{
						"referenceDataType": "net.maxon.interface.datadictionary-C",
						"_impl": {
							"_mode": 1,
							"_keyType": "net.maxon.datatype.internedid",
							"_fastData": [
								"net.maxon.description.base.command",
								{
									"dataType": "net.maxon.datatype.id",
									"content": "exportedstring"
								},
								"net.maxon.description.base.identifier",
								{
									"dataType": "net.maxon.datatype.internedid",
									"content": "net.maxon.object.base.name"
								},
								"net.maxon.description.string.base.translatedstring",
								{
									"dataType": "net.maxon.interface.string-C",
									"content": "Strength"
								}
							]
						}
					},
					{
						"referenceDataType": "net.maxon.interface.datadictionary-C",
						"_impl": {
							"_mode": 1,
							"_keyType": "net.maxon.datatype.internedid",
							"_fastData": [
								"net.maxon.description.base.command",
								{
									"dataType": "net.maxon.datatype.id",
									"content": "attribute"
								},
								"net.maxon.description.base.identifier",
								{
									"dataType": "net.maxon.datatype.internedid",
									"content": "strength"
								},
								"net.maxon.description.string.base.translatedstring",
								{
									"dataType": "net.maxon.interface.string-C",
									"content": "Strength"
								}
							]
						}
					}
				]
			},
			"net.maxon.node.wire",
			{
				"referenceClassType": "net.maxon.class.datadescriptiondefinition",
				"_info": {},
				"_description": [
					{
						"referenceDataType": "net.maxon.interface.datadictionary-C",
						"_impl": {
							"_mode": 1,
							"_keyType": "net.maxon.datatype.internedid",
							"_fastData": [
								"net.maxon.description.base.command",
								{
									"dataType": "net.maxon.datatype.id",
									"content": "include"
								},
								"net.maxon.description.base.identifier",
								{
									"dataType": "net.maxon.datatype.internedid",
									"content": "net.maxon.object.base"
								},
								"net.maxon.description.data.base.generateignoreheader",
								{
									"dataType": "bool",
									"content": true
								},
								"net.maxon.description.data.base.include",
								{
									"dataType": "net.maxon.datatype.id",
									"content": "net.maxon.object.base"
								}
							]
						}
					},
					{
						"referenceDataType": "net.maxon.interface.datadictionary-C",
						"_impl": {
							"_mode": 1,
							"_keyType": "net.maxon.datatype.internedid",
							"_fastData": [
								"net.maxon.description.base.command",
								{
									"dataType": "net.maxon.datatype.id",
									"content": "command"
								},
								"net.maxon.description.base.identifier",
								{
									"dataType": "net.maxon.datatype.internedid",
									"content": "net.maxon.node.wire.insertconverternode"
								},
								"net.maxon.description.string.base.translatedstring",
								{
									"dataType": "net.maxon.interface.string-C",
									"content": "Insert Converter"
								}
							]
						}
					},
					{
						"referenceDataType": "net.maxon.interface.datadictionary-C",
						"_impl": {
							"_mode": 1,
							"_keyType": "net.maxon.datatype.internedid",
							"_fastData": [
								"net.maxon.description.base.command",
								{
									"dataType": "net.maxon.datatype.id",
									"content": "command"
								},
								"net.maxon.description.base.identifier",
								{
									"dataType": "net.maxon.datatype.internedid",
									"content": "net.maxon.node.wire.removeconnection"
								},
								"net.maxon.description.string.base.translatedstring",
								{
									"dataType": "net.maxon.interface.string-C",
									"content": "Remove Connection"
								}
							]
						}
					},
					{
						"referenceDataType": "net.maxon.interface.datadictionary-C",
						"_impl": {
							"_mode": 1,
							"_keyType": "net.maxon.datatype.internedid",
							"_fastData": [
								"net.maxon.description.base.command",
								{
									"dataType": "net.maxon.datatype.id",
									"content": "command"
								},
								"net.maxon.description.base.identifier",
								{
									"dataType": "net.maxon.datatype.internedid",
									"content": "net.maxon.node.wire.mute"
								},
								"net.maxon.description.string.base.translatedstring",
								{
									"dataType": "net.maxon.interface.string-C",
									"content": "Mute Wire"
								}
							]
						}
					},
					{
						"referenceDataType": "net.maxon.interface.datadictionary-C",
						"_impl": {
							"_mode": 1,
							"_keyType": "net.maxon.datatype.internedid",
							"_fastData": [
								"net.maxon.description.base.command",
								{
									"dataType": "net.maxon.datatype.id",
									"content": "exportedstring"
								},
								"net.maxon.description.base.identifier",
								{
									"dataType": "net.maxon.datatype.internedid",
									"content": "net.maxon.object.base.name"
								},
								"net.maxon.description.string.base.translatedstring",
								{
									"dataType": "net.maxon.interface.string-C",
									"content": "Wire"
								}
							]
						}
					}
				]
			}
		]
	}
}
