﻿{
	"identification": "net.maxon.fileid.descriptiondefinition",
	"content": {
		"_db": [
			"net.maxon.streamconversion.gzip.decoder",
			{
				"referenceClassType": "net.maxon.class.datadescriptiondefinition",
				"_info": {},
				"_description": []
			},
			"net.maxon.streamconversion.gzip.encoder",
			{
				"referenceClassType": "net.maxon.class.datadescriptiondefinition",
				"_info": {},
				"_description": [
					{
						"referenceDataType": "net.maxon.interface.datadictionary-C",
						"_impl": {
							"_mode": 1,
							"_keyType": "net.maxon.datatype.internedid",
							"_fastData": [
								"net.maxon.description.base.command",
								{
									"dataType": "net.maxon.datatype.id",
									"content": "attribute"
								},
								"net.maxon.description.base.identifier",
								{
									"dataType": "net.maxon.datatype.internedid",
									"content": "net.maxon.streamconversion.gzip.encoder.compression"
								},
								"net.maxon.description.string.base.translatedstring",
								{
									"dataType": "net.maxon.interface.string-C",
									"content": "Compression level"
								}
							]
						}
					},
					{
						"referenceDataType": "net.maxon.interface.datadictionary-C",
						"_impl": {
							"_mode": 1,
							"_keyType": "net.maxon.datatype.internedid",
							"_fastData": [
								"net.maxon.description.base.command",
								{
									"dataType": "net.maxon.datatype.id",
									"content": "string"
								},
								"net.maxon.description.base.identifier",
								{
									"dataType": "net.maxon.datatype.internedid",
									"content": "net.maxon.streamconversion.gzip.encoder.compression.enum.fast"
								},
								"net.maxon.description.string.base.translatedstring",
								{
									"dataType": "net.maxon.interface.string-C",
									"content": "Fast"
								}
							]
						}
					},
					{
						"referenceDataType": "net.maxon.interface.datadictionary-C",
						"_impl": {
							"_mode": 1,
							"_keyType": "net.maxon.datatype.internedid",
							"_fastData": [
								"net.maxon.description.base.command",
								{
									"dataType": "net.maxon.datatype.id",
									"content": "string"
								},
								"net.maxon.description.base.identifier",
								{
									"dataType": "net.maxon.datatype.internedid",
									"content": "net.maxon.streamconversion.gzip.encoder.compression.enum.default"
								},
								"net.maxon.description.string.base.translatedstring",
								{
									"dataType": "net.maxon.interface.string-C",
									"content": "Default"
								}
							]
						}
					},
					{
						"referenceDataType": "net.maxon.interface.datadictionary-C",
						"_impl": {
							"_mode": 1,
							"_keyType": "net.maxon.datatype.internedid",
							"_fastData": [
								"net.maxon.description.base.command",
								{
									"dataType": "net.maxon.datatype.id",
									"content": "string"
								},
								"net.maxon.description.base.identifier",
								{
									"dataType": "net.maxon.datatype.internedid",
									"content": "net.maxon.streamconversion.gzip.encoder.compression.enum.best"
								},
								"net.maxon.description.string.base.translatedstring",
								{
									"dataType": "net.maxon.interface.string-C",
									"content": "Best"
								}
							]
						}
					}
				]
			},
			"net.maxon.streamconversion.lc4d.decoder",
			{
				"referenceClassType": "net.maxon.class.datadescriptiondefinition",
				"_info": {},
				"_description": []
			},
			"net.maxon.streamconversion.lz4.decoder",
			{
				"referenceClassType": "net.maxon.class.datadescriptiondefinition",
				"_info": {},
				"_description": [
					{
						"referenceDataType": "net.maxon.interface.datadictionary-C",
						"_impl": {
							"_mode": 1,
							"_keyType": "net.maxon.datatype.internedid",
							"_fastData": [
								"net.maxon.description.base.command",
								{
									"dataType": "net.maxon.datatype.id",
									"content": "attribute"
								},
								"net.maxon.description.base.identifier",
								{
									"dataType": "net.maxon.datatype.internedid",
									"content": "net.maxon.streamconversion.lz4.decoder.multithreading"
								},
								"net.maxon.description.string.base.translatedstring",
								{
									"dataType": "net.maxon.interface.string-C",
									"content": "Use Multithreading"
								}
							]
						}
					}
				]
			},
			"net.maxon.streamconversion.lz4.encoder",
			{
				"referenceClassType": "net.maxon.class.datadescriptiondefinition",
				"_info": {},
				"_description": [
					{
						"referenceDataType": "net.maxon.interface.datadictionary-C",
						"_impl": {
							"_mode": 1,
							"_keyType": "net.maxon.datatype.internedid",
							"_fastData": [
								"net.maxon.description.base.command",
								{
									"dataType": "net.maxon.datatype.id",
									"content": "attribute"
								},
								"net.maxon.description.base.identifier",
								{
									"dataType": "net.maxon.datatype.internedid",
									"content": "net.maxon.streamconversion.lz4.encoder.compression"
								},
								"net.maxon.description.string.base.translatedstring",
								{
									"dataType": "net.maxon.interface.string-C",
									"content": "Compression"
								}
							]
						}
					},
					{
						"referenceDataType": "net.maxon.interface.datadictionary-C",
						"_impl": {
							"_mode": 1,
							"_keyType": "net.maxon.datatype.internedid",
							"_fastData": [
								"net.maxon.description.base.command",
								{
									"dataType": "net.maxon.datatype.id",
									"content": "attribute"
								},
								"net.maxon.description.base.identifier",
								{
									"dataType": "net.maxon.datatype.internedid",
									"content": "net.maxon.streamconversion.lz4.encoder.streamchecksum"
								},
								"net.maxon.description.string.base.translatedstring",
								{
									"dataType": "net.maxon.interface.string-C",
									"content": "Generate Checksum"
								}
							]
						}
					},
					{
						"referenceDataType": "net.maxon.interface.datadictionary-C",
						"_impl": {
							"_mode": 1,
							"_keyType": "net.maxon.datatype.internedid",
							"_fastData": [
								"net.maxon.description.base.command",
								{
									"dataType": "net.maxon.datatype.id",
									"content": "attribute"
								},
								"net.maxon.description.base.identifier",
								{
									"dataType": "net.maxon.datatype.internedid",
									"content": "net.maxon.streamconversion.lz4.encoder.multithreading"
								},
								"net.maxon.description.string.base.translatedstring",
								{
									"dataType": "net.maxon.interface.string-C",
									"content": "Use Multithreading"
								}
							]
						}
					},
					{
						"referenceDataType": "net.maxon.interface.datadictionary-C",
						"_impl": {
							"_mode": 1,
							"_keyType": "net.maxon.datatype.internedid",
							"_fastData": [
								"net.maxon.description.base.command",
								{
									"dataType": "net.maxon.datatype.id",
									"content": "string"
								},
								"net.maxon.description.base.identifier",
								{
									"dataType": "net.maxon.datatype.internedid",
									"content": "net.maxon.streamconversion.lz4.encoder.compression.enum.default"
								},
								"net.maxon.description.string.base.translatedstring",
								{
									"dataType": "net.maxon.interface.string-C",
									"content": "Default"
								}
							]
						}
					},
					{
						"referenceDataType": "net.maxon.interface.datadictionary-C",
						"_impl": {
							"_mode": 1,
							"_keyType": "net.maxon.datatype.internedid",
							"_fastData": [
								"net.maxon.description.base.command",
								{
									"dataType": "net.maxon.datatype.id",
									"content": "string"
								},
								"net.maxon.description.base.identifier",
								{
									"dataType": "net.maxon.datatype.internedid",
									"content": "net.maxon.streamconversion.lz4.encoder.compression.enum.fast"
								},
								"net.maxon.description.string.base.translatedstring",
								{
									"dataType": "net.maxon.interface.string-C",
									"content": "Fast"
								}
							]
						}
					},
					{
						"referenceDataType": "net.maxon.interface.datadictionary-C",
						"_impl": {
							"_mode": 1,
							"_keyType": "net.maxon.datatype.internedid",
							"_fastData": [
								"net.maxon.description.base.command",
								{
									"dataType": "net.maxon.datatype.id",
									"content": "string"
								},
								"net.maxon.description.base.identifier",
								{
									"dataType": "net.maxon.datatype.internedid",
									"content": "net.maxon.streamconversion.lz4.encoder.compression.enum.best"
								},
								"net.maxon.description.string.base.translatedstring",
								{
									"dataType": "net.maxon.interface.string-C",
									"content": "Best"
								}
							]
						}
					}
				]
			},
			"net.maxon.streamconversion.zip.decoder",
			{
				"referenceClassType": "net.maxon.class.datadescriptiondefinition",
				"_info": {},
				"_description": []
			},
			"net.maxon.streamconversion.zip.encoder",
			{
				"referenceClassType": "net.maxon.class.datadescriptiondefinition",
				"_info": {},
				"_description": [
					{
						"referenceDataType": "net.maxon.interface.datadictionary-C",
						"_impl": {
							"_mode": 1,
							"_keyType": "net.maxon.datatype.internedid",
							"_fastData": [
								"net.maxon.description.base.command",
								{
									"dataType": "net.maxon.datatype.id",
									"content": "attribute"
								},
								"net.maxon.description.base.identifier",
								{
									"dataType": "net.maxon.datatype.internedid",
									"content": "net.maxon.streamconversion.zip.encoder.compression"
								},
								"net.maxon.description.string.base.translatedstring",
								{
									"dataType": "net.maxon.interface.string-C",
									"content": "Compression"
								}
							]
						}
					},
					{
						"referenceDataType": "net.maxon.interface.datadictionary-C",
						"_impl": {
							"_mode": 1,
							"_keyType": "net.maxon.datatype.internedid",
							"_fastData": [
								"net.maxon.description.base.command",
								{
									"dataType": "net.maxon.datatype.id",
									"content": "attribute"
								},
								"net.maxon.description.base.identifier",
								{
									"dataType": "net.maxon.datatype.internedid",
									"content": "net.maxon.streamconversion.zip.encoder.writesize"
								},
								"net.maxon.description.string.base.translatedstring",
								{
									"dataType": "net.maxon.interface.string-C",
									"content": "Write Size"
								}
							]
						}
					},
					{
						"referenceDataType": "net.maxon.interface.datadictionary-C",
						"_impl": {
							"_mode": 1,
							"_keyType": "net.maxon.datatype.internedid",
							"_fastData": [
								"net.maxon.description.base.command",
								{
									"dataType": "net.maxon.datatype.id",
									"content": "string"
								},
								"net.maxon.description.base.identifier",
								{
									"dataType": "net.maxon.datatype.internedid",
									"content": "net.maxon.streamconversion.zip.encoder.compression.enum.fast"
								},
								"net.maxon.description.string.base.translatedstring",
								{
									"dataType": "net.maxon.interface.string-C",
									"content": "Fast"
								}
							]
						}
					},
					{
						"referenceDataType": "net.maxon.interface.datadictionary-C",
						"_impl": {
							"_mode": 1,
							"_keyType": "net.maxon.datatype.internedid",
							"_fastData": [
								"net.maxon.description.base.command",
								{
									"dataType": "net.maxon.datatype.id",
									"content": "string"
								},
								"net.maxon.description.base.identifier",
								{
									"dataType": "net.maxon.datatype.internedid",
									"content": "net.maxon.streamconversion.zip.encoder.compression.enum.default"
								},
								"net.maxon.description.string.base.translatedstring",
								{
									"dataType": "net.maxon.interface.string-C",
									"content": "Default"
								}
							]
						}
					},
					{
						"referenceDataType": "net.maxon.interface.datadictionary-C",
						"_impl": {
							"_mode": 1,
							"_keyType": "net.maxon.datatype.internedid",
							"_fastData": [
								"net.maxon.description.base.command",
								{
									"dataType": "net.maxon.datatype.id",
									"content": "string"
								},
								"net.maxon.description.base.identifier",
								{
									"dataType": "net.maxon.datatype.internedid",
									"content": "net.maxon.streamconversion.zip.encoder.compression.enum.best"
								},
								"net.maxon.description.string.base.translatedstring",
								{
									"dataType": "net.maxon.interface.string-C",
									"content": "Best"
								}
							]
						}
					}
				]
			}
		]
	}
}
