﻿{
	"identification": "net.maxon.fileid.descriptiondefinition",
	"content": {
		"_descriptions": [
			"net.maxon.streamconversion.gzip.decoder",
			{
				"referenceClassType": "net.maxon.class.datadescriptiondefinition",
				"_info": {
					"referenceDataType": "net.maxon.interface.datadictionary-C",
					"_impl": {
						"_mode": 1,
						"_keyType": "net.maxon.datatype.internedid",
						"_fastData": [
							"net.maxon.description.base.identifier",
							{},
							"net.maxon.description.data.info.comment",
							{
								"dataType": "net.maxon.interface.cstring-C",
								"content": "Options for \"gzip\" decoder"
							},
							"net.maxon.description.data.info.includefile",
							{
								"dataType": "net.maxon.interface.url-C",
								"content": {
									"referenceDataType": "net.maxon.interface.url-C",
									"_scheme": "relative",
									"_path": "frameworks/crypt.framework/source/maxon/datacompression.h",
									"_authority": {},
									"_data": {}
								}
							}
						]
					}
				},
				"_description": []
			},
			"net.maxon.streamconversion.gzip.encoder",
			{
				"referenceClassType": "net.maxon.class.datadescriptiondefinition",
				"_info": {
					"referenceDataType": "net.maxon.interface.datadictionary-C",
					"_impl": {
						"_mode": 1,
						"_keyType": "net.maxon.datatype.internedid",
						"_fastData": [
							"net.maxon.description.base.identifier",
							{},
							"net.maxon.description.data.info.comment",
							{
								"dataType": "net.maxon.interface.cstring-C",
								"content": "Options for \"gzip\" compression"
							},
							"net.maxon.description.data.info.includefile",
							{
								"dataType": "net.maxon.interface.url-C",
								"content": {
									"referenceDataType": "net.maxon.interface.url-C",
									"_scheme": "relative",
									"_path": "frameworks/crypt.framework/source/maxon/datacompression.h",
									"_authority": {},
									"_data": {}
								}
							}
						]
					}
				},
				"_description": [
					{
						"referenceDataType": "net.maxon.interface.datadictionary-C",
						"_impl": {
							"_mode": 1,
							"_keyType": "net.maxon.datatype.internedid",
							"_fastData": [
								"net.maxon.description.base.command",
								{
									"dataType": "net.maxon.datatype.id",
									"content": "attribute"
								},
								"net.maxon.description.base.identifier",
								{
									"dataType": "net.maxon.datatype.internedid",
									"content": "net.maxon.streamconversion.gzip.encoder.compression"
								},
								"net.maxon.description.data.base.comment",
								{
									"dataType": "net.maxon.interface.cstring-C",
									"content": "Compression strength, 0: less compression (faster), 9: best compression (slower). Default is 5."
								},
								"net.maxon.description.data.base.datatype",
								{
									"dataType": "net.maxon.datatype.id",
									"content": "int"
								},
								"net.maxon.description.data.base.defaultvalue",
								{
									"dataType": "int64",
									"content": 5
								},
								"net.maxon.description.data.base.enum",
								{
									"dataType": "(net.maxon.datatype.id,net.maxon.datatype.data)",
									"isArray": true,
									"content": [
										{
											"_0": "fast",
											"_1": {
												"dataType": "int64",
												"content": 0
											}
										},
										{
											"_0": "default",
											"_1": {
												"dataType": "int64",
												"content": 5
											}
										},
										{
											"_0": "best",
											"_1": {
												"dataType": "int64",
												"content": 9
											}
										}
									]
								},
								"net.maxon.description.data.base.limitvalue",
								{
									"dataType": "bool",
									"content": true
								},
								"net.maxon.description.data.base.maxvalue",
								{
									"dataType": "int64",
									"content": 9
								}
							]
						}
					}
				]
			},
			"net.maxon.streamconversion.lc4d.decoder",
			{
				"referenceClassType": "net.maxon.class.datadescriptiondefinition",
				"_info": {
					"referenceDataType": "net.maxon.interface.datadictionary-C",
					"_impl": {
						"_mode": 1,
						"_keyType": "net.maxon.datatype.internedid",
						"_fastData": [
							"net.maxon.description.base.identifier",
							{},
							"net.maxon.description.data.info.comment",
							{
								"dataType": "net.maxon.interface.cstring-C",
								"content": "Options for \"lc4d\" decoder"
							},
							"net.maxon.description.data.info.includefile",
							{
								"dataType": "net.maxon.interface.url-C",
								"content": {
									"referenceDataType": "net.maxon.interface.url-C",
									"_scheme": "relative",
									"_path": "frameworks/crypt.framework/source/maxon/datacompression.h",
									"_authority": {},
									"_data": {}
								}
							}
						]
					}
				},
				"_description": []
			},
			"net.maxon.streamconversion.lc4d.encoder",
			{
				"referenceClassType": "net.maxon.class.datadescriptiondefinition",
				"_info": {
					"referenceDataType": "net.maxon.interface.datadictionary-C",
					"_impl": {
						"_mode": 1,
						"_keyType": "net.maxon.datatype.internedid",
						"_fastData": [
							"net.maxon.description.base.identifier",
							{},
							"net.maxon.description.data.info.comment",
							{
								"dataType": "net.maxon.interface.cstring-C",
								"content": "Options for \"lc4d\" encoder"
							},
							"net.maxon.description.data.info.includefile",
							{
								"dataType": "net.maxon.interface.url-C",
								"content": {
									"referenceDataType": "net.maxon.interface.url-C",
									"_scheme": "relative",
									"_path": "frameworks/crypt.framework/source/maxon/datacompression.h",
									"_authority": {},
									"_data": {}
								}
							}
						]
					}
				},
				"_description": []
			},
			"net.maxon.streamconversion.lz4.decoder",
			{
				"referenceClassType": "net.maxon.class.datadescriptiondefinition",
				"_info": {
					"referenceDataType": "net.maxon.interface.datadictionary-C",
					"_impl": {
						"_mode": 1,
						"_keyType": "net.maxon.datatype.internedid",
						"_fastData": [
							"net.maxon.description.base.identifier",
							{},
							"net.maxon.description.data.info.comment",
							{
								"dataType": "net.maxon.interface.cstring-C",
								"content": "Options for \"lz4\" decoder"
							},
							"net.maxon.description.data.info.includefile",
							{
								"dataType": "net.maxon.interface.url-C",
								"content": {
									"referenceDataType": "net.maxon.interface.url-C",
									"_scheme": "relative",
									"_path": "frameworks/crypt.framework/source/maxon/datacompression.h",
									"_authority": {},
									"_data": {}
								}
							}
						]
					}
				},
				"_description": [
					{
						"referenceDataType": "net.maxon.interface.datadictionary-C",
						"_impl": {
							"_mode": 1,
							"_keyType": "net.maxon.datatype.internedid",
							"_fastData": [
								"net.maxon.description.base.command",
								{
									"dataType": "net.maxon.datatype.id",
									"content": "attribute"
								},
								"net.maxon.description.base.identifier",
								{
									"dataType": "net.maxon.datatype.internedid",
									"content": "net.maxon.streamconversion.lz4.decoder.multithreading"
								},
								"net.maxon.description.data.base.comment",
								{
									"dataType": "net.maxon.interface.cstring-C",
									"content": "Specify if more then one cpu should be used. Default is true (= faster).\u000D"
								},
								"net.maxon.description.data.base.datatype",
								{
									"dataType": "net.maxon.datatype.id",
									"content": "bool"
								},
								"net.maxon.description.data.base.defaultvalue",
								{
									"dataType": "bool",
									"content": true
								}
							]
						}
					}
				]
			},
			"net.maxon.streamconversion.lz4.encoder",
			{
				"referenceClassType": "net.maxon.class.datadescriptiondefinition",
				"_info": {
					"referenceDataType": "net.maxon.interface.datadictionary-C",
					"_impl": {
						"_mode": 1,
						"_keyType": "net.maxon.datatype.internedid",
						"_fastData": [
							"net.maxon.description.data.info.comment",
							{
								"dataType": "net.maxon.interface.cstring-C",
								"content": "Options for \"lz4\" compression"
							},
							"net.maxon.description.data.info.includefile",
							{
								"dataType": "net.maxon.interface.url-C",
								"content": {
									"referenceDataType": "net.maxon.interface.url-C",
									"_scheme": "relative",
									"_path": "frameworks/crypt.framework/source/maxon/datacompression.h",
									"_authority": {},
									"_data": {}
								}
							}
						]
					}
				},
				"_description": [
					{
						"referenceDataType": "net.maxon.interface.datadictionary-C",
						"_impl": {
							"_mode": 1,
							"_keyType": "net.maxon.datatype.internedid",
							"_fastData": [
								"net.maxon.description.base.command",
								{
									"dataType": "net.maxon.datatype.id",
									"content": "attribute"
								},
								"net.maxon.description.base.identifier",
								{
									"dataType": "net.maxon.datatype.internedid",
									"content": "net.maxon.streamconversion.lz4.encoder.compression"
								},
								"net.maxon.description.data.base.comment",
								{
									"dataType": "net.maxon.interface.cstring-C",
									"content": "Compression strength, 0 - 2: less compression (fastest), 3- 16: better compression (slower). Default is 0."
								},
								"net.maxon.description.data.base.datatype",
								{
									"dataType": "net.maxon.datatype.id",
									"content": "int"
								},
								"net.maxon.description.data.base.defaultvalue",
								{
									"dataType": "int64",
									"content": 0
								},
								"net.maxon.description.data.base.enum",
								{
									"dataType": "(net.maxon.datatype.id,net.maxon.datatype.data)",
									"isArray": true,
									"content": [
										{
											"_0": "default",
											"_1": {
												"dataType": "int64",
												"content": 0
											}
										},
										{
											"_0": "fast",
											"_1": {
												"dataType": "int64",
												"content": 2
											}
										},
										{
											"_0": "best",
											"_1": {
												"dataType": "int64",
												"content": 16
											}
										}
									]
								},
								"net.maxon.description.data.base.limitvalue",
								{
									"dataType": "bool",
									"content": true
								},
								"net.maxon.description.data.base.maxvalue",
								{
									"dataType": "int64",
									"content": 16
								}
							]
						}
					},
					{
						"referenceDataType": "net.maxon.interface.datadictionary-C",
						"_impl": {
							"_mode": 1,
							"_keyType": "net.maxon.datatype.internedid",
							"_fastData": [
								"net.maxon.description.base.command",
								{
									"dataType": "net.maxon.datatype.id",
									"content": "attribute"
								},
								"net.maxon.description.base.identifier",
								{
									"dataType": "net.maxon.datatype.internedid",
									"content": "net.maxon.streamconversion.lz4.encoder.streamchecksum"
								},
								"net.maxon.description.data.base.comment",
								{
									"dataType": "net.maxon.interface.cstring-C",
									"content": "True if additional checksum chunks are generated when encoding. Default is false."
								},
								"net.maxon.description.data.base.datatype",
								{
									"dataType": "net.maxon.datatype.id",
									"content": "bool"
								},
								"net.maxon.description.data.base.defaultvalue",
								{
									"dataType": "bool",
									"content": false
								}
							]
						}
					},
					{
						"referenceDataType": "net.maxon.interface.datadictionary-C",
						"_impl": {
							"_mode": 1,
							"_keyType": "net.maxon.datatype.internedid",
							"_fastData": [
								"net.maxon.description.base.command",
								{
									"dataType": "net.maxon.datatype.id",
									"content": "attribute"
								},
								"net.maxon.description.base.identifier",
								{
									"dataType": "net.maxon.datatype.internedid",
									"content": "net.maxon.streamconversion.lz4.encoder.multithreading"
								},
								"net.maxon.description.data.base.comment",
								{
									"dataType": "net.maxon.interface.cstring-C",
									"content": "Specify if more then one cpu should be used. Default is true (= faster).\u000D"
								},
								"net.maxon.description.data.base.datatype",
								{
									"dataType": "net.maxon.datatype.id",
									"content": "bool"
								},
								"net.maxon.description.data.base.defaultvalue",
								{
									"dataType": "bool",
									"content": true
								}
							]
						}
					}
				]
			},
			"net.maxon.streamconversion.rle.decoder",
			{
				"referenceClassType": "net.maxon.class.datadescriptiondefinition",
				"_info": {
					"referenceDataType": "net.maxon.interface.datadictionary-C",
					"_impl": {
						"_mode": 1,
						"_keyType": "net.maxon.datatype.internedid",
						"_fastData": [
							"net.maxon.description.base.identifier",
							{},
							"net.maxon.description.data.info.comment",
							{
								"dataType": "net.maxon.interface.cstring-C",
								"content": "Options for \"rle\" decoder"
							},
							"net.maxon.description.data.info.includefile",
							{
								"dataType": "net.maxon.interface.url-C",
								"content": {
									"referenceDataType": "net.maxon.interface.url-C",
									"_scheme": "relative",
									"_path": "frameworks/crypt.framework/source/maxon/datacompression.h",
									"_authority": {},
									"_data": {}
								}
							}
						]
					}
				},
				"_description": []
			},
			"net.maxon.streamconversion.rle.encoder",
			{
				"referenceClassType": "net.maxon.class.datadescriptiondefinition",
				"_info": {
					"referenceDataType": "net.maxon.interface.datadictionary-C",
					"_impl": {
						"_mode": 1,
						"_keyType": "net.maxon.datatype.internedid",
						"_fastData": [
							"net.maxon.description.base.identifier",
							{},
							"net.maxon.description.data.info.comment",
							{
								"dataType": "net.maxon.interface.cstring-C",
								"content": "Options for \"rle\" encoder"
							},
							"net.maxon.description.data.info.includefile",
							{
								"dataType": "net.maxon.interface.url-C",
								"content": {
									"referenceDataType": "net.maxon.interface.url-C",
									"_scheme": "relative",
									"_path": "frameworks/crypt.framework/source/maxon/datacompression.h",
									"_authority": {},
									"_data": {}
								}
							}
						]
					}
				},
				"_description": []
			},
			"net.maxon.streamconversion.zip.decoder",
			{
				"referenceClassType": "net.maxon.class.datadescriptiondefinition",
				"_info": {
					"referenceDataType": "net.maxon.interface.datadictionary-C",
					"_impl": {
						"_mode": 1,
						"_keyType": "net.maxon.datatype.internedid",
						"_fastData": [
							"net.maxon.description.base.identifier",
							{},
							"net.maxon.description.data.info.comment",
							{
								"dataType": "net.maxon.interface.cstring-C",
								"content": "Options for \"zip\" decoder"
							},
							"net.maxon.description.data.info.includefile",
							{
								"dataType": "net.maxon.interface.url-C",
								"content": {
									"referenceDataType": "net.maxon.interface.url-C",
									"_scheme": "relative",
									"_path": "frameworks/crypt.framework/source/maxon/datacompression.h",
									"_authority": {},
									"_data": {}
								}
							}
						]
					}
				},
				"_description": []
			},
			"net.maxon.streamconversion.zip.encoder",
			{
				"referenceClassType": "net.maxon.class.datadescriptiondefinition",
				"_info": {
					"referenceDataType": "net.maxon.interface.datadictionary-C",
					"_impl": {
						"_mode": 1,
						"_keyType": "net.maxon.datatype.internedid",
						"_fastData": [
							"net.maxon.description.data.info.comment",
							{
								"dataType": "net.maxon.interface.cstring-C",
								"content": "Options for \"zip\" compression"
							},
							"net.maxon.description.data.info.includefile",
							{
								"dataType": "net.maxon.interface.url-C",
								"content": {
									"referenceDataType": "net.maxon.interface.url-C",
									"_scheme": "relative",
									"_path": "frameworks/crypt.framework/source/maxon/datacompression.h",
									"_authority": {},
									"_data": {}
								}
							}
						]
					}
				},
				"_description": [
					{
						"referenceDataType": "net.maxon.interface.datadictionary-C",
						"_impl": {
							"_mode": 1,
							"_keyType": "net.maxon.datatype.internedid",
							"_fastData": [
								"net.maxon.description.base.command",
								{
									"dataType": "net.maxon.datatype.id",
									"content": "attribute"
								},
								"net.maxon.description.base.identifier",
								{
									"dataType": "net.maxon.datatype.internedid",
									"content": "net.maxon.streamconversion.zip.encoder.compression"
								},
								"net.maxon.description.data.base.comment",
								{
									"dataType": "net.maxon.interface.cstring-C",
									"content": "Compression strength, 0: less compression (faster), 9: best compression (slower). Default is 5."
								},
								"net.maxon.description.data.base.datatype",
								{
									"dataType": "net.maxon.datatype.id",
									"content": "int"
								},
								"net.maxon.description.data.base.defaultvalue",
								{
									"dataType": "int64",
									"content": 5
								},
								"net.maxon.description.data.base.enum",
								{
									"dataType": "(net.maxon.datatype.id,net.maxon.datatype.data)",
									"isArray": true,
									"content": [
										{
											"_0": "fast",
											"_1": {
												"dataType": "int64",
												"content": 0
											}
										},
										{
											"_0": "default",
											"_1": {
												"dataType": "int64",
												"content": 5
											}
										},
										{
											"_0": "best",
											"_1": {
												"dataType": "int64",
												"content": 9
											}
										}
									]
								},
								"net.maxon.description.data.base.limitvalue",
								{
									"dataType": "bool",
									"content": true
								},
								"net.maxon.description.data.base.maxvalue",
								{
									"dataType": "int64",
									"content": 9
								}
							]
						}
					},
					{
						"referenceDataType": "net.maxon.interface.datadictionary-C",
						"_impl": {
							"_mode": 1,
							"_keyType": "net.maxon.datatype.internedid",
							"_fastData": [
								"net.maxon.description.base.command",
								{
									"dataType": "net.maxon.datatype.id",
									"content": "attribute"
								},
								"net.maxon.description.base.identifier",
								{
									"dataType": "net.maxon.datatype.internedid",
									"content": "net.maxon.streamconversion.zip.encoder.writesize"
								},
								"net.maxon.description.data.base.comment",
								{
									"dataType": "net.maxon.interface.cstring-C",
									"content": "True if the size of the block should be written to the first 4 byte or read from the 4 byte. Default is false."
								},
								"net.maxon.description.data.base.datatype",
								{
									"dataType": "net.maxon.datatype.id",
									"content": "bool"
								},
								"net.maxon.description.data.base.defaultvalue",
								{
									"dataType": "bool",
									"content": false
								}
							]
						}
					}
				]
			}
		],
		"_guiDescriptions": [
			"net.maxon.streamconversion.gzip.decoder",
			{
				"referenceClassType": "net.maxon.class.datadescriptiondefinition",
				"_info": {},
				"_description": []
			},
			"net.maxon.streamconversion.gzip.encoder",
			{
				"referenceClassType": "net.maxon.class.datadescriptiondefinition",
				"_info": {},
				"_description": [
					{
						"referenceDataType": "net.maxon.interface.datadictionary-C",
						"_impl": {
							"_mode": 1,
							"_keyType": "net.maxon.datatype.internedid",
							"_fastData": [
								"net.maxon.description.base.command",
								{
									"dataType": "net.maxon.datatype.id",
									"content": "attribute"
								},
								"net.maxon.description.base.identifier",
								{
									"dataType": "net.maxon.datatype.internedid",
									"content": "net.maxon.streamconversion.gzip.encoder.compression"
								},
								"net.maxon.description.ui.base.guitypeid",
								{
									"dataType": "net.maxon.datatype.id",
									"content": "net.maxon.ui.number"
								},
								"net.maxon.description.ui.net.maxon.ui.number.slider",
								{
									"dataType": "bool",
									"content": true
								}
							]
						}
					}
				]
			},
			"net.maxon.streamconversion.lc4d.decoder",
			{
				"referenceClassType": "net.maxon.class.datadescriptiondefinition",
				"_info": {},
				"_description": []
			},
			"net.maxon.streamconversion.lc4d.encoder",
			{
				"referenceClassType": "net.maxon.class.datadescriptiondefinition",
				"_info": {},
				"_description": []
			},
			"net.maxon.streamconversion.lz4.decoder",
			{
				"referenceClassType": "net.maxon.class.datadescriptiondefinition",
				"_info": {},
				"_description": [
					{
						"referenceDataType": "net.maxon.interface.datadictionary-C",
						"_impl": {
							"_mode": 1,
							"_keyType": "net.maxon.datatype.internedid",
							"_fastData": [
								"net.maxon.description.base.command",
								{
									"dataType": "net.maxon.datatype.id",
									"content": "attribute"
								},
								"net.maxon.description.base.identifier",
								{
									"dataType": "net.maxon.datatype.internedid",
									"content": "net.maxon.streamconversion.lz4.decoder.multithreading"
								},
								"net.maxon.description.ui.base.guitypeid",
								{
									"dataType": "net.maxon.datatype.id",
									"content": "net.maxon.ui.bool"
								}
							]
						}
					}
				]
			},
			"net.maxon.streamconversion.lz4.encoder",
			{
				"referenceClassType": "net.maxon.class.datadescriptiondefinition",
				"_info": {},
				"_description": [
					{
						"referenceDataType": "net.maxon.interface.datadictionary-C",
						"_impl": {
							"_mode": 1,
							"_keyType": "net.maxon.datatype.internedid",
							"_fastData": [
								"net.maxon.description.base.command",
								{
									"dataType": "net.maxon.datatype.id",
									"content": "attribute"
								},
								"net.maxon.description.base.identifier",
								{
									"dataType": "net.maxon.datatype.internedid",
									"content": "net.maxon.streamconversion.lz4.encoder.compression"
								},
								"net.maxon.description.ui.base.guitypeid",
								{
									"dataType": "net.maxon.datatype.id",
									"content": "net.maxon.ui.number"
								},
								"net.maxon.description.ui.net.maxon.ui.number.slider",
								{
									"dataType": "bool",
									"content": true
								}
							]
						}
					},
					{
						"referenceDataType": "net.maxon.interface.datadictionary-C",
						"_impl": {
							"_mode": 1,
							"_keyType": "net.maxon.datatype.internedid",
							"_fastData": [
								"net.maxon.description.base.command",
								{
									"dataType": "net.maxon.datatype.id",
									"content": "attribute"
								},
								"net.maxon.description.base.identifier",
								{
									"dataType": "net.maxon.datatype.internedid",
									"content": "net.maxon.streamconversion.lz4.encoder.streamchecksum"
								},
								"net.maxon.description.ui.base.guitypeid",
								{
									"dataType": "net.maxon.datatype.id",
									"content": "net.maxon.ui.bool"
								}
							]
						}
					},
					{
						"referenceDataType": "net.maxon.interface.datadictionary-C",
						"_impl": {
							"_mode": 1,
							"_keyType": "net.maxon.datatype.internedid",
							"_fastData": [
								"net.maxon.description.base.command",
								{
									"dataType": "net.maxon.datatype.id",
									"content": "attribute"
								},
								"net.maxon.description.base.identifier",
								{
									"dataType": "net.maxon.datatype.internedid",
									"content": "net.maxon.streamconversion.lz4.encoder.multithreading"
								},
								"net.maxon.description.ui.base.guitypeid",
								{
									"dataType": "net.maxon.datatype.id",
									"content": "net.maxon.ui.bool"
								}
							]
						}
					}
				]
			},
			"net.maxon.streamconversion.rle.decoder",
			{
				"referenceClassType": "net.maxon.class.datadescriptiondefinition",
				"_info": {},
				"_description": []
			},
			"net.maxon.streamconversion.rle.encoder",
			{
				"referenceClassType": "net.maxon.class.datadescriptiondefinition",
				"_info": {},
				"_description": []
			},
			"net.maxon.streamconversion.zip.decoder",
			{
				"referenceClassType": "net.maxon.class.datadescriptiondefinition",
				"_info": {},
				"_description": []
			},
			"net.maxon.streamconversion.zip.encoder",
			{
				"referenceClassType": "net.maxon.class.datadescriptiondefinition",
				"_info": {},
				"_description": [
					{
						"referenceDataType": "net.maxon.interface.datadictionary-C",
						"_impl": {
							"_mode": 1,
							"_keyType": "net.maxon.datatype.internedid",
							"_fastData": [
								"net.maxon.description.base.command",
								{
									"dataType": "net.maxon.datatype.id",
									"content": "attribute"
								},
								"net.maxon.description.base.identifier",
								{
									"dataType": "net.maxon.datatype.internedid",
									"content": "net.maxon.streamconversion.zip.encoder.compression"
								},
								"net.maxon.description.ui.base.guitypeid",
								{
									"dataType": "net.maxon.datatype.id",
									"content": "net.maxon.ui.number"
								},
								"net.maxon.description.ui.net.maxon.ui.number.slider",
								{
									"dataType": "bool",
									"content": true
								}
							]
						}
					},
					{
						"referenceDataType": "net.maxon.interface.datadictionary-C",
						"_impl": {
							"_mode": 1,
							"_keyType": "net.maxon.datatype.internedid",
							"_fastData": [
								"net.maxon.description.base.command",
								{
									"dataType": "net.maxon.datatype.id",
									"content": "attribute"
								},
								"net.maxon.description.base.identifier",
								{
									"dataType": "net.maxon.datatype.internedid",
									"content": "net.maxon.streamconversion.zip.encoder.writesize"
								},
								"net.maxon.description.ui.base.guitypeid",
								{
									"dataType": "net.maxon.datatype.id",
									"content": "net.maxon.ui.bool"
								}
							]
						}
					}
				]
			}
		]
	}
}
