﻿{
	"identification": "Stylesheet",
	"content": {
		"referenceDataType": "net.maxon.interface.datadictionary-C",
		"_impl": {
			"_mode": 1,
			"_keyType": "net.maxon.datatype.internedid",
			"_fastData": [
				"net.maxon.mvp.nodegraphstylesheet.g_maxZoom",
				{
					"dataType": "float32",
					"content": 2.0
				},
				"net.maxon.mvp.basestylesheet.g_mouseoverOpacity",
				{
					"dataType": "float32",
					"content": 0.7
				},
				"net.maxon.mvp.nodegraphstylesheet.g_gridNth",
				{
					"dataType": "int64",
					"content": 4
				},
				"net.maxon.mvp.basestylesheet.g_forwardTime",
				{
					"dataType": "net.maxon.datatype.timevalue",
					"content": {
						"_value": 0.0
					}
				},
				"net.maxon.mvp.nodegraphstylesheet.g_nodeStartColor",
				{
					"dataType": "net.maxon.parametrictype.col<4,float32>",
					"content": {
						"r": 0.45,
						"g": 0.7,
						"b": 0.42,
						"a": 1.0
					}
				},
				"net.maxon.mvp.basestylesheet.g_backwardTime",
				{
					"dataType": "net.maxon.datatype.timevalue",
					"content": {
						"_value": 0.2
					}
				},
				"net.maxon.mvp.nodegraphstylesheet.g_snapRadius",
				{
					"dataType": "float32",
					"content": 20.0
				},
				"net.maxon.mvp.basestylesheet.g_speedLimit1",
				{
					"dataType": "float32",
					"content": 300.0
				},
				"net.maxon.mvp.nodegraphstylesheet.g_nodeNavigatorBackColor",
				{
					"dataType": "net.maxon.parametrictype.col<4,float32>",
					"content": {
						"r": 0.2,
						"g": 0.2,
						"b": 0.2,
						"a": 0.7
					}
				},
				"net.maxon.mvp.nodegraphstylesheet.g_nodeNavigatorWindowColor",
				{
					"dataType": "net.maxon.parametrictype.col<4,float32>",
					"content": {
						"r": 0.5,
						"g": 0.5,
						"b": 0.5,
						"a": 1.0
					}
				},
				"net.maxon.mvp.basestylesheet.g_backColor",
				{
					"dataType": "net.maxon.parametrictype.col<4,float32>",
					"content": {
						"r": 0.19,
						"g": 0.19,
						"b": 0.19,
						"a": 1.0
					}
				},
				"net.maxon.mvp.nodegraphstylesheet.g_nodeNavigatorBorderColor",
				{
					"dataType": "net.maxon.parametrictype.col<4,float32>",
					"content": {
						"r": 0.1,
						"g": 0.1,
						"b": 0.1,
						"a": 1.0
					}
				},
				"net.maxon.mvp.basestylesheet.g_enabledOpacity",
				{
					"dataType": "float32",
					"content": 0.1
				},
				"net.maxon.mvp.basestylesheet.g_hitMinsize",
				{
					"dataType": "float32",
					"content": 4.0
				},
				"net.maxon.mvp.nodegraphstylesheet.g_nodeNavigatorGroupColor",
				{
					"dataType": "net.maxon.parametrictype.col<4,float32>",
					"content": {
						"r": 0.5,
						"g": 0.5,
						"b": 0.5,
						"a": 1.0
					}
				},
				"net.maxon.mvp.basestylesheet.g_mouseoverColor",
				{
					"dataType": "net.maxon.parametrictype.col<4,float32>",
					"content": {
						"r": 1.0,
						"g": 1.0,
						"b": 1.0,
						"a": 1.0
					}
				},
				"net.maxon.mvp.nodegraphstylesheet.g_nodePreviewButton",
				{
					"dataType": "net.maxon.mvp.datatype.canvasunitvalue",
					"content": {
						"value": 14.0,
						"unit": 2
					}
				},
				"net.maxon.mvp.basestylesheet.g_borderColor",
				{
					"dataType": "net.maxon.parametrictype.col<4,float32>",
					"content": {
						"r": 0.2,
						"g": 0.2,
						"b": 0.2,
						"a": 1.0
					}
				},
				"net.maxon.mvp.nodegraphstylesheet.g_nodeTitleFontDarkColor",
				{
					"dataType": "net.maxon.parametrictype.col<4,float32>",
					"content": {
						"r": 0.1,
						"g": 0.1,
						"b": 0.1,
						"a": 1.0
					}
				},
				"net.maxon.mvp.basestylesheet.g_widgetColor",
				{
					"dataType": "net.maxon.parametrictype.col<4,float32>",
					"content": {
						"r": 1.0,
						"g": 1.0,
						"b": 1.0,
						"a": 1.0
					}
				},
				"net.maxon.mvp.nodegraphstylesheet.g_nodeImageSize",
				{
					"dataType": "net.maxon.mvp.datatype.canvasunitvalue",
					"content": {
						"value": 70.0,
						"unit": 2
					}
				},
				"net.maxon.mvp.basestylesheet.g_backwardDelay",
				{
					"dataType": "net.maxon.datatype.timevalue",
					"content": {
						"_value": 0.2
					}
				},
				"net.maxon.mvp.nodegraphstylesheet.g_nodeRounding",
				{
					"dataType": "net.maxon.mvp.datatype.canvasunitvalue",
					"content": {
						"value": 6.0,
						"unit": 2
					}
				},
				"net.maxon.mvp.nodegraphstylesheet.g_nodeGraphMajorGridColor",
				{
					"dataType": "net.maxon.parametrictype.col<4,float32>",
					"content": {
						"r": 0.09,
						"g": 0.09,
						"b": 0.09,
						"a": 1.0
					}
				},
				"net.maxon.mvp.basestylesheet.g_implicitHColor",
				{
					"dataType": "net.maxon.parametrictype.col<4,float32>",
					"content": {
						"r": 1.0,
						"g": 0.69,
						"b": 0.0,
						"a": 1.0
					}
				},
				"net.maxon.mvp.nodegraphstylesheet.g_nodeDimming",
				{
					"dataType": "float32",
					"content": 0.3
				},
				"net.maxon.mvp.basestylesheet.g_selectionHColor",
				{
					"dataType": "net.maxon.parametrictype.col<4,float32>",
					"content": {
						"r": 1.0,
						"g": 0.8235294818878174,
						"b": 0.7843137979507446,
						"a": 1.0
					}
				},
				"net.maxon.mvp.nodegraphstylesheet.g_nodeGraphMajorGridLineWidth",
				{
					"dataType": "float32",
					"content": 0.5
				},
				"net.maxon.mvp.basestylesheet.g_implicitColor",
				{
					"dataType": "net.maxon.parametrictype.col<4,float32>",
					"content": {
						"r": 0.6980392336845398,
						"g": 0.46274513006210329,
						"b": 0.062745101749897,
						"a": 1.0
					}
				},
				"net.maxon.mvp.nodegraphstylesheet.g_nodeBorderColor",
				{
					"dataType": "net.maxon.parametrictype.col<4,float32>",
					"content": {
						"r": 0.15,
						"g": 0.15,
						"b": 0.15,
						"a": 1.0
					}
				},
				"net.maxon.mvp.basestylesheet.g_forwardDelay1",
				{
					"dataType": "net.maxon.datatype.timevalue",
					"content": {
						"_value": 0.2
					}
				},
				"net.maxon.mvp.nodegraphstylesheet.g_nodeGraphMinorGridColor",
				{
					"dataType": "net.maxon.parametrictype.col<4,float32>",
					"content": {
						"r": 0.13,
						"g": 0.13,
						"b": 0.13,
						"a": 1.0
					}
				},
				"net.maxon.mvp.basestylesheet.g_selectionColor",
				{
					"dataType": "net.maxon.parametrictype.col<4,float32>",
					"content": {
						"r": 1.0,
						"g": 0.67,
						"b": 0.095,
						"a": 1.0
					}
				},
				"net.maxon.mvp.nodegraphstylesheet.g_nodeBackColor",
				{
					"dataType": "net.maxon.parametrictype.col<4,float32>",
					"content": {
						"r": 0.4,
						"g": 0.4,
						"b": 0.4,
						"a": 1.0
					}
				},
				"net.maxon.mvp.basestylesheet.g_speedLimit2",
				{
					"dataType": "float32",
					"content": 1000.0
				},
				"net.maxon.mvp.nodegraphstylesheet.g_nodeTitleBackColor",
				{
					"dataType": "net.maxon.parametrictype.col<4,float32>",
					"content": {
						"r": 0.27,
						"g": 0.27,
						"b": 0.27,
						"a": 1.0
					}
				},
				"net.maxon.mvp.basestylesheet.g_forwardDelay3",
				{
					"dataType": "net.maxon.datatype.timevalue",
					"content": {
						"_value": 0.4
					}
				},
				"net.maxon.mvp.nodegraphstylesheet.g_minZoom",
				{
					"dataType": "float32",
					"content": 0.01
				},
				"net.maxon.mvp.basestylesheet.g_focusColor",
				{
					"dataType": "net.maxon.parametrictype.col<4,float32>",
					"content": {
						"r": 1.0,
						"g": 0.1,
						"b": 0.1,
						"a": 1.0
					}
				},
				"net.maxon.mvp.nodegraphstylesheet.g_nodeTitleFontLightColor",
				{
					"dataType": "net.maxon.parametrictype.col<4,float32>",
					"content": {
						"r": 0.9,
						"g": 0.9,
						"b": 0.9,
						"a": 1.0
					}
				},
				"net.maxon.mvp.basestylesheet.g_forwardDelay2",
				{
					"dataType": "net.maxon.datatype.timevalue",
					"content": {
						"_value": 0.05
					}
				},
				"net.maxon.mvp.nodegraphstylesheet.g_nodeGraphMinorGridLineWidth",
				{
					"dataType": "float32",
					"content": 0.5
				},
				"net.maxon.mvp.nodegraphstylesheet.g_nodeDefaultXSize",
				{
					"dataType": "net.maxon.mvp.datatype.canvasunitvalue",
					"content": {
						"value": 170.0,
						"unit": 2
					}
				},
				"net.maxon.mvp.nodegraphstylesheet.g_nodeMinXSize",
				{
					"dataType": "net.maxon.mvp.datatype.canvasunitvalue",
					"content": {
						"value": 90.0,
						"unit": 2
					}
				},
				"net.maxon.mvp.nodegraphstylesheet.g_nodeXSpace",
				{
					"dataType": "net.maxon.mvp.datatype.canvasunitvalue",
					"content": {
						"value": 50.0,
						"unit": 2
					}
				},
				"net.maxon.mvp.nodegraphstylesheet.g_nodeYSpace",
				{
					"dataType": "net.maxon.mvp.datatype.canvasunitvalue",
					"content": {
						"value": 30.0,
						"unit": 2
					}
				},
				"net.maxon.mvp.nodegraphstylesheet.g_groupNodeBackColor",
				{
					"dataType": "net.maxon.parametrictype.col<4,float32>",
					"content": {
						"r": 0.1,
						"g": 0.1,
						"b": 0.1,
						"a": 0.7
					}
				},
				"net.maxon.mvp.nodegraphstylesheet.g_groupNodeBackHColor",
				{
					"dataType": "net.maxon.parametrictype.col<4,float32>",
					"content": {
						"r": 0.12,
						"g": 0.12,
						"b": 0.12,
						"a": 0.7
					}
				},
				"net.maxon.mvp.nodegraphstylesheet.g_portFontColor",
				{
					"dataType": "net.maxon.parametrictype.col<4,float32>",
					"content": {
						"r": 0.85,
						"g": 0.85,
						"b": 0.85,
						"a": 1.0
					}
				},
				"net.maxon.mvp.nodegraphstylesheet.g_portSlotBackColor",
				{
					"dataType": "net.maxon.parametrictype.col<4,float32>",
					"content": {
						"r": 0.36,
						"g": 0.36,
						"b": 0.36,
						"a": 1.0
					}
				},
				"net.maxon.mvp.nodegraphstylesheet.g_portSlotColor_GROUP",
				{
					"dataType": "net.maxon.parametrictype.col<4,float32>",
					"content": {
						"r": 0.3,
						"g": 0.3,
						"b": 0.3,
						"a": 1.0
					}
				},
				"net.maxon.mvp.nodegraphstylesheet.g_portSlotColor_OTHER",
				{
					"dataType": "net.maxon.parametrictype.col<4,float32>",
					"content": {
						"r": 0.4,
						"g": 0.5,
						"b": 0.8,
						"a": 1.0
					}
				},
				"net.maxon.mvp.nodegraphstylesheet.g_portSlotColor_VALUE",
				{
					"dataType": "net.maxon.parametrictype.col<4,float32>",
					"content": {
						"r": 0.75,
						"g": 0.75,
						"b": 0.75,
						"a": 1.0
					}
				},
				"net.maxon.mvp.nodegraphstylesheet.g_portSlotColor_COLOR",
				{
					"dataType": "net.maxon.parametrictype.col<4,float32>",
					"content": {
						"r": 0.83,
						"g": 0.75,
						"b": 0.28,
						"a": 1.0
					}
				},
				"net.maxon.mvp.nodegraphstylesheet.g_portSlotColor_VECTOR",
				{
					"dataType": "net.maxon.parametrictype.col<4,float32>",
					"content": {
						"r": 0.6,
						"g": 0.4,
						"b": 0.85,
						"a": 1.0
					}
				},
				"net.maxon.mvp.nodegraphstylesheet.g_portSlotColor_COMPLEX",
				{
					"dataType": "net.maxon.parametrictype.col<4,float32>",
					"content": {
						"r": 0.5,
						"g": 0.5,
						"b": 0.5,
						"a": 1.0
					}
				},
				"net.maxon.mvp.nodegraphstylesheet.g_portSlotColor_BSDF",
				{
					"dataType": "net.maxon.parametrictype.col<4,float32>",
					"content": {
						"r": 0.4,
						"g": 0.75,
						"b": 0.53,
						"a": 1.0
					}
				},
				"net.maxon.mvp.nodegraphstylesheet.g_portSlotHColor_OTHER",
				{
					"dataType": "net.maxon.parametrictype.col<4,float32>",
					"content": {
						"r": 0.55,
						"g": 0.65,
						"b": 0.95,
						"a": 1.0
					}
				},
				"net.maxon.mvp.nodegraphstylesheet.g_portSlotHColor_VALUE",
				{
					"dataType": "net.maxon.parametrictype.col<4,float32>",
					"content": {
						"r": 0.95,
						"g": 0.95,
						"b": 0.95,
						"a": 1.0
					}
				},
				"net.maxon.mvp.nodegraphstylesheet.g_portSlotHColor_COLOR",
				{
					"dataType": "net.maxon.parametrictype.col<4,float32>",
					"content": {
						"r": 0.98,
						"g": 0.9,
						"b": 0.43,
						"a": 1.0
					}
				},
				"net.maxon.mvp.nodegraphstylesheet.g_portSlotHColor_VECTOR",
				{
					"dataType": "net.maxon.parametrictype.col<4,float32>",
					"content": {
						"r": 0.75,
						"g": 0.55,
						"b": 1.0,
						"a": 1.0
					}
				},
				"net.maxon.mvp.nodegraphstylesheet.g_portSlotHColor_COMPLEX",
				{
					"dataType": "net.maxon.parametrictype.col<4,float32>",
					"content": {
						"r": 0.65,
						"g": 0.65,
						"b": 0.65,
						"a": 1.0
					}
				},
				"net.maxon.mvp.nodegraphstylesheet.g_portSlotHColor_BSDF",
				{
					"dataType": "net.maxon.parametrictype.col<4,float32>",
					"content": {
						"r": 0.55,
						"g": 0.9,
						"b": 0.68,
						"a": 1.0
					}
				},
				"net.maxon.mvp.nodegraphstylesheet.g_portGroupMinSize",
				{
					"dataType": "net.maxon.mvp.datatype.canvasunitvalue",
					"content": {
						"value": 10.0,
						"unit": 2
					}
				},
				"net.maxon.mvp.nodegraphstylesheet.g_portTreeFolderColor",
				{
					"dataType": "net.maxon.parametrictype.col<4,float32>",
					"content": {
						"r": 0.7,
						"g": 0.7,
						"b": 0.7,
						"a": 1.0
					}
				},
				"net.maxon.mvp.nodegraphstylesheet.g_portTreeLineColor",
				{
					"dataType": "net.maxon.parametrictype.col<4,float32>",
					"content": {
						"r": 0.5,
						"g": 0.5,
						"b": 0.5,
						"a": 1.0
					}
				},
				"net.maxon.mvp.nodegraphstylesheet.g_wireDefaultColor",
				{
					"dataType": "net.maxon.parametrictype.col<4,float32>",
					"content": {
						"r": 0.6,
						"g": 0.6,
						"b": 0.6,
						"a": 1.0
					}
				},
				"net.maxon.mvp.nodegraphstylesheet.g_wirePortBundleColor",
				{
					"dataType": "net.maxon.parametrictype.col<4,float32>",
					"content": {
						"r": 0.7,
						"g": 0.7,
						"b": 0.7,
						"a": 1.0
					}
				},
				"net.maxon.mvp.nodegraphstylesheet.g_wireDependencyColor",
				{
					"dataType": "net.maxon.parametrictype.col<4,float32>",
					"content": {
						"r": 0.7,
						"g": 0.7,
						"b": 0.7,
						"a": 1.0
					}
				},
				"net.maxon.mvp.nodegraphstylesheet.g_wirePropagatedColor",
				{
					"dataType": "net.maxon.parametrictype.col<4,float32>",
					"content": {
						"r": 0.4,
						"g": 0.4,
						"b": 0.4,
						"a": 0.3
					}
				},
				"net.maxon.mvp.nodegraphstylesheet.g_wireDefaultHColor",
				{
					"dataType": "net.maxon.parametrictype.col<4,float32>",
					"content": {
						"r": 0.9,
						"g": 0.9,
						"b": 0.9,
						"a": 1.0
					}
				},
				"net.maxon.mvp.nodegraphstylesheet.g_wirePortBundleHColor",
				{
					"dataType": "net.maxon.parametrictype.col<4,float32>",
					"content": {
						"r": 0.9,
						"g": 0.9,
						"b": 0.9,
						"a": 1.0
					}
				},
				"net.maxon.mvp.nodegraphstylesheet.g_wireDependencyHColor",
				{
					"dataType": "net.maxon.parametrictype.col<4,float32>",
					"content": {
						"r": 0.9,
						"g": 0.9,
						"b": 0.9,
						"a": 1.0
					}
				},
				"net.maxon.mvp.nodegraphstylesheet.g_wirePropagatedHColor",
				{
					"dataType": "net.maxon.parametrictype.col<4,float32>",
					"content": {
						"r": 0.6,
						"g": 0.6,
						"b": 0.6,
						"a": 1.0
					}
				},
				"net.maxon.mvp.nodegraphstylesheet.g_errorColor",
				{
					"dataType": "net.maxon.parametrictype.col<4,float32>",
					"content": {
						"r": 0.9,
						"g": 0.27,
						"b": 0.27,
						"a": 1.0
					}
				},
				"net.maxon.mvp.nodegraphstylesheet.g_unsupportedColor",
				{
					"dataType": "net.maxon.parametrictype.col<4,float32>",
					"content": {
						"r": 0.35,
						"g": 0.35,
						"b": 0.8,
						"a": 1.0
					}
				},
				"net.maxon.mvp.nodegraphstylesheet.g_errorHColor",
				{
					"dataType": "net.maxon.parametrictype.col<4,float32>",
					"content": {
						"r": 1.0,
						"g": 0.37,
						"b": 0.37,
						"a": 1.0
					}
				},
				"net.maxon.mvp.nodegraphstylesheet.g_unsupportedHColor",
				{
					"dataType": "net.maxon.parametrictype.col<4,float32>",
					"content": {
						"r": 0.45,
						"g": 0.45,
						"b": 0.9,
						"a": 1.0
					}
				}
			]
		}
	}
}
